id,ukoñczony poziom,decyzyjne skoki,wartoœæ skoku decyzyjnego,wartoœæ ruchu decyzyjnego,wynikowe ruchy,wynikowe upadki,wynikowe skoki,wynikowy czas,upadki,skoki,czas
0,0,2,10,0.025,0,0,0,60.7397,161,540,60.7397
1,0,2,10,0.05,0,0,0,49.9177,122,410,49.9177
2,0,2,10,0.075,0,0,0,36.1229,81,274,36.1229
3,0,2,10,0.1,0,0,0,32.9998,74,240,32.9998
4,0,2,10,0.125,0,0,0,28.9415,61,186,28.9415
5,0,2,10,0.15,0,0,0,27.1045,56,174,27.1045
6,0,2,10,0.175,0,0,0,28.6576,49,148,28.6576
7,0,2,10,0.2,0,0,0,26.8205,43,136,26.8205
8,0,2,10,0.225,0,0,0,26.8205,43,122,26.8205
9,0,2,10,0.25,0,0,0,26.8205,41,116,26.8205
10,0,2,10,0.275,0,0,0,21.7936,33,100,21.7936
11,0,2,10,0.3,0,0,0,21.7936,33,98,21.7936
12,0,2,10,0.325,0,0,0,21.7936,31,88,21.7936
13,0,2,10,0.35,0,0,0,21.7936,30,84,21.7936
14,0,2,10,0.375,0,0,0,18.0359,15,58,18.0359
15,0,2,10,0.4,0,0,0,18.0359,15,58,18.0359
16,0,2,10,0.425,0,0,0,18.0359,15,56,18.0359
17,0,2,10,0.45,0,0,0,18.0359,15,54,18.0359
18,0,2,10,0.475,0,0,0,15.5476,15,48,15.5476
19,0,2,10,0.5,0,0,0,15.5476,13,46,15.5476
20,0,2,10,0.525,0,0,0,15.5476,11,42,15.5476
21,0,2,10,0.55,0,0,0,15.5476,11,42,15.5476
22,0,2,10,0.575,0,0,0,15.5476,10,38,15.5476
23,0,2,10,0.6,0,0,0,15.5476,10,38,15.5476
24,0,2,10,0.625,0,0,0,15.5476,10,38,15.5476
25,0,2,10,0.65,0,0,0,15.5476,10,38,15.5476
26,0,2,10,0.675,0,0,0,15.5476,10,38,15.5476
27,0,2,10,0.7,0,0,0,15.5476,10,36,15.5476
28,0,2,10,0.725,0,0,0,16.8001,10,36,16.8001
29,0,2,10,0.75,0,0,0,16.8001,10,36,16.8001
30,0,2,10,0.775,0,0,0,16.8001,10,36,16.8001
31,0,2,10,0.8,0,0,0,16.8001,10,36,16.8001
32,0,2,10,0.825,0,0,0,16.8001,10,36,16.8001
33,0,2,10,0.85,0,0,0,16.8001,10,36,16.8001
34,0,2,10,0.875,0,0,0,16.8001,10,36,16.8001
35,0,2,10,0.9,0,0,0,16.8001,10,36,16.8001
36,0,2,10,0.925,0,0,0,16.8001,10,36,16.8001
37,0,2,10,0.95,0,0,0,17.1007,11,34,17.1007
38,0,2,10,0.975,0,0,0,17.1007,11,34,17.1007
39,0,2,10,1,0,0,0,16.75,7,28,16.75
40,0,4,10,0.025,0,0,0,234.262,1002,2144,234.262
41,0,4,10,0.05,0,0,0,193.514,768,1628,193.514
42,0,4,10,0.075,0,0,0,141.181,534,1096,141.181
43,0,4,10,0.1,0,0,0,126.641,462,960,126.641
44,0,4,10,0.125,0,0,0,109.022,346,732,109.022
45,0,4,10,0.15,0,0,0,103.444,341,692,103.444
46,0,4,10,0.175,0,0,0,25.1672,102,288,25.1672
47,0,4,10,0.2,0,0,0,97.5816,255,528,97.5816
48,0,4,10,0.225,0,0,0,27.5053,85,236,27.5053
49,0,4,10,0.25,0,0,0,29.0584,81,232,29.0584
50,0,4,10,0.275,0,0,0,22.8959,73,204,22.8959
51,0,4,10,0.3,0,0,0,22.8959,72,200,22.8959
52,0,4,10,0.325,0,0,0,20.6246,63,176,20.6246
53,0,4,10,0.35,0,0,0,20.6246,61,168,20.6246
54,0,4,10,0.375,0,0,0,20.6246,59,160,20.6246
55,0,4,10,0.4,0,0,0,40.2646,84,204,40.2646
56,0,4,10,0.425,0,0,0,40.131,78,184,40.131
57,0,4,10,0.45,0,0,0,40.3147,79,184,40.3147
58,0,4,10,0.475,0,0,0,22.7957,45,128,22.7957
59,0,4,10,0.5,0,0,0,23.1464,45,132,23.1464
60,0,4,10,0.525,0,0,0,23.5973,42,128,23.5973
61,0,4,10,0.55,0,0,0,23.5973,40,124,23.5973
62,0,4,10,0.575,0,0,0,23.9313,41,120,23.9313
63,0,4,10,0.6,0,0,0,23.5973,42,116,23.5973
64,0,4,10,0.625,0,0,0,21.7602,35,104,21.7602
65,0,4,10,0.65,0,0,0,21.7602,35,104,21.7602
66,0,4,10,0.675,0,0,0,22.3948,36,104,22.3948
67,0,4,10,0.7,0,0,0,34.3359,57,144,34.3359
68,0,4,10,0.725,0,0,0,34.3359,64,140,34.3359
69,0,4,10,0.75,0,0,0,34.3359,57,136,34.3359
70,0,4,10,0.775,0,0,0,34.3359,56,132,34.3359
71,0,4,10,0.8,0,0,0,34.3359,56,132,34.3359
72,0,4,10,0.825,0,0,0,33.9017,56,128,33.9017
73,0,4,10,0.85,0,0,0,33.9017,54,124,33.9017
74,0,4,10,0.875,0,0,0,33.9017,53,124,33.9017
75,0,4,10,0.9,0,0,0,33.9017,53,124,33.9017
76,0,4,10,0.925,0,0,0,24.5659,38,96,24.5659
77,0,4,10,0.95,0,0,0,24.8833,41,96,24.8833
78,0,4,10,0.975,0,0,0,25.1338,36,92,25.1338
79,0,4,10,1,0,0,0,25.1338,36,92,25.1338
80,0,6,10,0.025,0,0,0,189.341,1443,3216,189.341
81,0,6,10,0.05,0,0,0,149.878,1081,2424,149.878
82,0,6,10,0.075,0,0,0,116.053,758,1644,116.053
83,0,6,10,0.1,0,0,0,102.141,630,1446,102.141
84,0,6,10,0.125,0,0,0,86.6092,522,1128,86.6092
85,0,6,10,0.15,0,0,0,89.8658,464,1038,89.8658
86,0,6,10,0.175,0,0,0,78.7766,395,864,78.7766
87,0,6,10,0.2,0,0,0,92.0703,381,822,92.0703
88,0,6,10,0.225,0,0,0,73.7997,330,720,73.7997
89,0,6,10,0.25,0,0,0,80.7973,301,672,80.7973
90,0,6,10,0.275,0,0,0,65.6498,284,600,65.6498
91,0,6,10,0.3,0,0,0,63.3284,256,576,63.3284
92,0,6,10,0.325,0,0,0,67.1027,242,528,67.1027
93,0,6,10,0.35,0,0,0,63.3284,233,522,63.3284
94,0,6,10,0.375,0,0,0,61.2241,211,462,61.2241
95,0,6,10,0.4,0,0,0,70.3093,218,474,70.3093
96,0,6,10,0.425,0,0,0,42.6194,132,336,42.6194
97,0,6,10,0.45,0,0,0,46.5107,120,312,46.5107
98,0,6,10,0.475,0,0,0,44.3897,119,294,44.3897
99,0,6,10,0.5,0,0,0,40.0475,123,282,40.0475
100,0,6,10,0.525,0,0,0,67.5871,172,372,67.5871
101,0,6,10,0.55,0,0,0,51.6879,139,330,51.6879
102,0,6,10,0.575,0,0,0,49.7841,141,324,49.7841
103,0,6,10,0.6,0,0,0,49.0158,131,318,49.0158
104,0,6,10,0.625,0,0,0,51.8884,125,306,51.8884
105,0,6,10,0.65,0,0,0,51.8717,120,300,51.8717
106,0,6,10,0.675,0,0,0,51.8717,120,288,51.8717
107,0,6,10,0.7,0,0,0,51.855,124,288,51.855
108,0,6,10,0.725,0,0,0,51.9552,113,276,51.9552
109,0,6,10,0.75,0,0,0,51.9385,111,270,51.9385
110,0,6,10,0.775,0,0,0,21.5431,45,138,21.5431
111,0,6,10,0.8,0,0,0,21.5431,45,138,21.5431
112,0,6,10,0.825,0,0,0,21.3594,44,138,21.3594
113,0,6,10,0.85,0,0,0,21.3594,44,138,21.3594
114,0,6,10,0.875,0,0,0,21.5097,45,144,21.5097
115,0,6,10,0.9,0,0,0,23.9814,45,144,23.9814
116,0,6,10,0.925,0,0,0,24.9167,48,144,24.9167
117,0,6,10,0.95,0,0,0,17.0673,23,90,17.0673
118,0,6,10,0.975,0,0,0,17.0673,24,90,17.0673
119,0,6,10,1,0,0,0,17.0673,24,90,17.0673
120,1,8,10,0.025,97,0,26,194.182,1987,4800,194.182
121,1,8,10,0.05,77,0,26,155.27,1511,3672,155.27
122,1,8,10,0.075,62,0,26,129.246,1078,2512,129.246
123,1,8,10,0.1,60,0,26,123.251,923,2184,123.251
124,1,8,10,0.125,53,0,26,108.788,711,1704,108.788
125,1,8,10,0.15,50,0,26,104.646,642,1560,104.646
126,1,8,10,0.175,49,0,26,102.208,557,1360,102.208
127,1,8,10,0.2,46,0,27,93.874,534,1248,93.874
128,1,8,10,0.225,45,0,27,94.2414,488,1128,94.2414
129,1,8,10,0.25,44,0,26,91.4023,467,1040,91.4023
130,1,8,10,0.275,43,0,25,90.6842,388,920,90.6842
131,1,8,10,0.3,40,0,25,84.0206,381,888,84.0206
132,1,8,10,0.325,42,0,27,89.966,364,840,89.966
133,1,8,10,0.35,38,0,26,80.7472,324,784,80.7472
134,0,8,10,0.375,0,0,0,51.237,190,464,51.237
135,0,8,10,0.4,0,0,0,47.4627,162,440,47.4627
136,0,8,10,0.425,0,0,0,47.9303,140,400,47.9303
137,0,8,10,0.45,0,0,0,26.3362,86,272,26.3362
138,0,8,10,0.475,0,0,0,74.0836,247,584,74.0836
139,0,8,10,0.5,0,0,0,27.0042,75,248,27.0042
140,0,8,10,0.525,0,0,0,27.0042,65,224,27.0042
141,0,8,10,0.55,0,0,0,27.0042,66,224,27.0042
142,0,8,10,0.575,0,0,0,21.2091,46,176,21.2091
143,0,8,10,0.6,0,0,0,19.4221,44,168,19.4221
144,0,8,10,0.625,0,0,0,15.1468,45,168,15.1468
145,0,8,10,0.65,0,0,0,15.1468,40,160,15.1468
146,0,8,10,0.675,0,0,0,69.9085,205,480,69.9085
147,0,8,10,0.7,0,0,0,17.7687,57,200,17.7687
148,0,8,10,0.725,0,0,0,17.7687,55,192,17.7687
149,0,8,10,0.75,0,0,0,11.0052,20,104,11.0052
150,0,8,10,0.775,0,0,0,10.6044,16,96,10.6044
151,0,8,10,0.8,0,0,0,11.2891,13,96,11.2891
152,0,8,10,0.825,0,0,0,8.91774,12,88,8.91774
153,0,8,10,0.85,0,0,0,8.91774,12,88,8.91774
154,0,8,10,0.875,0,0,0,8.91774,12,88,8.91774
155,0,8,10,0.9,0,0,0,8.91774,12,88,8.91774
156,0,8,10,0.925,0,0,0,8.91774,12,88,8.91774
157,0,8,10,0.95,0,0,0,8.91774,12,88,8.91774
158,0,8,10,0.975,0,0,0,8.91774,12,88,8.91774
159,0,8,10,1,0,0,0,16.7667,26,104,16.7667
160,1,10,10,0.025,79,0,26,161.113,2338,5890,161.113
161,1,10,10,0.05,67,0,26,136.307,1829,4560,136.307
162,1,10,10,0.075,53,0,26,108.086,1281,3100,108.086
163,1,10,10,0.1,52,0,26,107.201,1133,2760,107.201
164,1,10,10,0.125,46,0,26,94.3082,881,2168,94.3082
165,1,10,10,0.15,44,0,26,90.9848,802,1950,90.9848
166,1,10,10,0.175,42,0,26,88.9473,749,1740,88.9473
167,1,10,10,0.2,41,0,26,86.9766,673,1600,86.9766
168,1,10,10,0.225,39,0,26,81.3318,582,1390,81.3318
169,1,10,10,0.25,40,0,27,84.388,543,1310,84.388
170,1,10,10,0.275,37,0,26,77.2568,494,1160,77.2568
171,0,10,10,0.3,0,0,0,76.5052,424,1070,76.5052
172,1,10,10,0.325,40,0,28,87.4943,487,1070,87.4943
173,0,10,10,0.35,0,0,0,24.8833,128,420,24.8833
174,0,10,10,0.375,0,0,0,22.1443,111,400,22.1443
175,0,10,10,0.4,0,0,0,25.7851,107,380,25.7851
176,0,10,10,0.425,0,0,0,26.1191,99,350,26.1191
177,0,10,10,0.45,0,0,0,25.7851,103,340,25.7851
178,0,10,10,0.475,0,0,0,24.282,82,310,24.282
179,0,10,10,0.5,0,0,0,24.282,80,310,24.282
180,0,10,10,0.525,0,0,0,27.8059,88,310,27.8059
181,0,10,10,0.55,0,0,0,44.2561,146,440,44.2561
182,0,10,10,0.575,0,0,0,76.1378,290,680,76.1378
183,0,10,10,0.6,0,0,0,73.6661,292,670,73.6661
184,0,10,10,0.625,0,0,0,55.9466,206,540,55.9466
185,0,10,10,0.65,0,0,0,56.6648,205,540,56.6648
186,0,10,10,0.675,0,0,0,24.9334,82,260,24.9334
187,0,10,10,0.7,0,0,0,20.7248,70,250,20.7248
188,0,10,10,0.725,0,0,0,20.7081,70,250,20.7081
189,0,10,10,0.75,0,0,0,18.537,71,250,18.537
190,0,10,10,0.775,0,0,0,18.5203,68,240,18.5203
191,0,10,10,0.8,0,0,0,18.5203,69,240,18.5203
192,0,10,10,0.825,0,0,0,11.3559,17,120,11.3559
193,0,10,10,0.85,0,0,0,8.98454,15,110,8.98454
194,0,10,10,0.875,0,0,0,8.98454,15,110,8.98454
195,0,10,10,0.9,0,0,0,8.98454,16,110,8.98454
196,0,10,10,0.925,0,0,0,8.98454,16,110,8.98454
197,0,10,10,0.95,0,0,0,8.98454,16,110,8.98454
198,0,10,10,0.975,0,0,0,8.98454,16,110,8.98454
199,0,10,10,1,0,0,0,8.98454,16,110,8.98454
200,1,12,10,0.025,82,0,25,175.419,3052,7440,175.419
201,1,12,10,0.05,64,0,26,137.542,2272,5610,137.542
202,1,12,10,0.075,59,0,25,127.476,1565,3828,127.476
203,1,12,10,0.1,49,0,25,104.562,1417,3324,104.562
204,1,12,10,0.125,47,0,25,101.857,1064,2592,101.857
205,1,12,10,0.15,42,0,25,91.0349,986,2364,91.0349
206,1,12,10,0.175,38,0,26,81.5823,818,2004,81.5823
207,1,12,10,0.2,38,0,26,81.9998,761,1896,81.9998
208,1,12,10,0.225,39,0,27,84.8556,672,1668,84.8556
209,1,12,10,0.25,36,0,26,77.1232,665,1596,77.1232
210,1,12,10,0.275,42,0,26,92.0536,571,1428,92.0536
211,1,12,10,0.3,41,0,26,88.7302,561,1356,88.7302
212,1,12,10,0.325,40,0,26,87.1102,543,1284,87.1102
213,1,12,10,0.35,40,0,26,86.3253,545,1212,86.3253
214,1,12,10,0.375,38,0,28,82.7513,460,1164,82.7513
215,1,12,10,0.4,36,0,27,76.238,461,1104,76.238
216,1,12,10,0.425,39,0,27,82.6511,400,996,82.6511
217,0,12,10,0.45,0,0,0,79.4947,394,924,79.4947
218,0,12,10,0.475,0,0,0,76.071,389,900,76.071
219,0,12,10,0.5,0,0,0,76.5554,358,876,76.5554
220,0,12,10,0.525,0,0,0,60.6729,290,732,60.6729
221,0,12,10,0.55,0,0,0,56.932,273,708,56.932
222,1,12,10,0.575,37,0,28,81.3485,335,840,81.3485
223,1,12,10,0.6,37,0,28,82.0833,356,828,82.0833
224,1,12,10,0.625,37,0,29,81.7326,337,780,81.7326
225,1,12,10,0.65,37,0,29,81.7326,322,780,81.7326
226,0,12,10,0.675,0,0,0,24.616,93,324,24.616
227,0,12,10,0.7,0,0,0,24.616,93,312,24.616
228,0,12,10,0.725,0,0,0,56.1136,232,600,56.1136
229,0,12,10,0.75,0,0,0,52.7568,237,600,52.7568
230,0,12,10,0.775,0,0,0,36.1897,144,432,36.1897
231,0,12,10,0.8,0,0,0,33.9351,137,420,33.9351
232,0,12,10,0.825,0,0,0,33.9351,133,408,33.9351
233,0,12,10,0.85,0,0,0,34.2524,140,396,34.2524
234,0,12,10,0.875,0,0,0,9.03464,21,132,9.03464
235,0,12,10,0.9,0,0,0,9.03464,21,132,9.03464
236,0,12,10,0.925,0,0,0,9.03464,21,132,9.03464
237,0,12,10,0.95,0,0,0,9.03464,21,132,9.03464
238,0,12,10,0.975,0,0,0,9.03464,21,132,9.03464
239,0,12,10,1,0,0,0,9.03464,21,132,9.03464
240,1,14,10,0.025,83,0,26,174.551,3349,8486,174.551
241,1,14,10,0.05,71,0,26,146.423,2418,6356,146.423
242,1,14,10,0.075,56,0,26,117.205,1707,4448,117.205
243,1,14,10,0.1,50,0,26,105.665,1578,3824,105.665
244,1,14,10,0.125,48,0,26,101.139,1177,3038,101.139
245,1,14,10,0.15,44,0,26,93.2394,1124,2770,93.2394
246,1,14,10,0.175,41,0,26,89.1644,888,2336,89.1644
247,1,14,10,0.2,40,0,26,86.4923,854,2170,86.4923
248,1,14,10,0.225,42,0,28,92.0369,758,1960,92.0369
249,1,14,10,0.25,37,0,26,81.1648,744,1862,81.1648
250,0,14,10,0.275,0,0,0,66.7019,511,1372,66.7019
251,1,14,10,0.3,38,0,27,82.2336,654,1638,82.2336
252,1,14,10,0.325,39,0,27,84.8723,652,1540,84.8723
253,1,14,10,0.35,38,0,26,82.9016,580,1414,82.9016
254,1,14,10,0.375,35,0,27,78.693,503,1302,78.693
255,1,14,10,0.4,35,0,26,76.7224,515,1302,76.7224
256,1,14,10,0.425,35,0,25,77.4405,483,1204,77.4405
257,1,14,10,0.45,35,0,27,78.1252,456,1190,78.1252
258,1,14,10,0.475,35,0,28,77.5908,452,1162,77.5908
259,0,14,10,0.5,0,0,0,57.5332,339,910,57.5332
260,0,14,10,0.525,0,0,0,61.6917,326,854,61.6917
261,0,14,10,0.55,0,0,0,58.7357,321,840,58.7357
262,0,14,10,0.575,0,0,0,39.2292,188,616,39.2292
263,0,14,10,0.6,0,0,0,59.5874,292,770,59.5874
264,0,14,10,0.625,0,0,0,60.1719,298,784,60.1719
265,0,14,10,0.65,0,0,0,56.7316,273,756,56.7316
266,0,14,10,0.675,0,0,0,36.3567,143,490,36.3567
267,0,14,10,0.7,0,0,0,36.3734,142,476,36.3734
268,0,14,10,0.725,0,0,0,30.2108,119,378,30.2108
269,0,14,10,0.75,0,0,0,22.8124,95,350,22.8124
270,0,14,10,0.775,0,0,0,23.2466,91,336,23.2466
271,0,14,10,0.8,0,0,0,30.2108,129,448,30.2108
272,0,14,10,0.825,0,0,0,18.8209,88,322,18.8209
273,0,14,10,0.85,0,0,0,18.7207,78,308,18.7207
274,0,14,10,0.875,0,0,0,9.10144,18,154,9.10144
275,0,14,10,0.9,0,0,0,9.10144,18,154,9.10144
276,0,14,10,0.925,0,0,0,9.10144,18,154,9.10144
277,0,14,10,0.95,0,0,0,9.10144,19,154,9.10144
278,0,14,10,0.975,0,0,0,9.10144,19,154,9.10144
279,0,14,10,1,0,0,0,9.10144,19,154,9.10144
280,1,16,10,0.025,77,0,26,163.917,4048,9970,163.917
281,1,16,10,0.05,68,0,26,145.789,2984,7490,145.789
282,1,16,10,0.075,56,0,26,121.848,1969,5024,121.848
283,1,16,10,0.1,52,0,26,111.042,1789,4432,111.042
284,1,16,10,0.125,46,0,26,99.6859,1286,3392,99.6859
285,1,16,10,0.15,48,0,25,103.11,1240,3184,103.11
286,1,16,10,0.175,43,0,26,91.9868,1112,2736,91.9868
287,1,16,10,0.2,40,0,26,87.4609,1017,2544,87.4609
288,1,16,10,0.225,42,0,27,91.9367,895,2192,91.9367
289,1,16,10,0.25,41,0,27,88.5799,793,2032,88.5799
290,1,16,10,0.275,38,0,27,81.8829,738,1824,81.8829
291,0,16,10,0.3,0,0,0,67.6372,512,1456,67.6372
292,1,16,10,0.325,38,0,26,85.2397,697,1728,85.2397
293,1,16,10,0.35,38,0,26,85.223,658,1648,85.223
294,1,16,10,0.375,40,0,26,86.8096,650,1552,86.8096
295,1,16,10,0.4,36,0,27,80.3631,576,1488,80.3631
296,0,16,10,0.425,0,0,0,22.9126,150,576,22.9126
297,0,16,10,0.45,0,0,0,25.0002,147,560,25.0002
298,0,16,10,0.475,0,0,0,25.4845,149,560,25.4845
299,0,16,10,0.5,0,0,0,24.5325,143,544,24.5325
300,0,16,10,0.525,0,0,0,24.4156,125,496,24.4156
301,0,16,10,0.55,0,0,0,22.2946,120,464,22.2946
302,0,16,10,0.575,0,0,0,22.2946,110,448,22.2946
303,0,16,10,0.6,0,0,0,22.2946,108,432,22.2946
304,0,16,10,0.625,0,0,0,22.2946,122,416,22.2946
305,0,16,10,0.65,0,0,0,22.8625,102,400,22.8625
306,0,16,10,0.675,0,0,0,22.8458,102,400,22.8458
307,0,16,10,0.7,0,0,0,22.8458,102,400,22.8458
308,0,16,10,0.725,0,0,0,23.28,122,400,23.28
309,0,16,10,0.75,0,0,0,23.28,94,368,23.28
310,0,16,10,0.775,0,0,0,25.2674,95,368,25.2674
311,0,16,10,0.8,0,0,0,21.2258,96,368,21.2258
312,0,16,10,0.825,0,0,0,19.2551,91,352,19.2551
313,0,16,10,0.85,0,0,0,19.2551,93,352,19.2551
314,0,16,10,0.875,0,0,0,19.2551,83,336,19.2551
315,0,16,10,0.9,0,0,0,19.2551,79,320,19.2551
316,0,16,10,0.925,0,0,0,9.15154,23,176,9.15154
317,0,16,10,0.95,0,0,0,9.15154,23,176,9.15154
318,0,16,10,0.975,0,0,0,9.15154,23,176,9.15154
319,0,16,10,1,0,0,0,9.15154,23,176,9.15154
320,1,18,10,0.025,78,0,26,171.763,5087,12452,171.763
321,1,18,10,0.05,68,0,26,149.144,3680,9320,149.144
322,1,18,10,0.075,50,0,26,109.422,2466,6260,109.422
323,1,18,10,0.1,47,0,26,103.31,2222,5558,103.31
324,1,18,10,0.125,42,0,26,93.3396,1670,4280,93.3396
325,1,18,10,0.15,43,0,25,97.1975,1566,3980,97.1975
326,1,18,10,0.175,41,0,26,93.206,1343,3360,93.206
327,1,18,10,0.2,39,0,26,87.3607,1252,3100,87.3607
328,1,18,10,0.225,41,0,25,92.1204,1136,2800,92.1204
329,1,18,10,0.25,40,0,26,89.5485,950,2460,89.5485
330,1,18,10,0.275,37,0,27,83.3359,903,2320,83.3359
331,1,18,10,0.3,37,0,26,83.1855,858,2204,83.1855
332,1,18,10,0.325,38,0,28,86.6259,866,2140,86.6259
333,1,18,10,0.35,36,0,26,80.4633,822,2020,80.4633
334,0,18,10,0.375,0,0,0,50.4855,400,1200,50.4855
335,1,18,10,0.4,34,0,27,79.1106,706,1840,79.1106
336,1,18,10,0.425,33,0,26,75.9875,635,1660,75.9875
337,1,18,10,0.45,34,0,26,78.6596,640,1620,78.6596
338,1,18,10,0.475,34,0,26,77.4572,596,1520,77.4572
339,0,18,10,0.5,0,0,0,71.2111,550,1400,71.2111
340,1,18,10,0.525,34,0,26,77.8079,559,1460,77.8079
341,0,18,10,0.55,0,0,0,72.28,525,1340,72.28
342,0,18,10,0.575,0,0,0,75.2026,484,1280,75.2026
343,0,18,10,0.6,0,0,0,75.3696,469,1220,75.3696
344,0,18,10,0.625,0,0,0,72.8144,501,1240,72.8144
345,0,18,10,0.65,0,0,0,72.8144,468,1200,72.8144
346,0,18,10,0.675,0,0,0,72.2299,440,1160,72.2299
347,0,18,10,0.7,0,0,0,70.2926,474,1200,70.2926
348,0,18,10,0.725,0,0,0,42.3355,252,720,42.3355
349,0,18,10,0.75,0,0,0,43.1372,222,700,43.1372
350,0,18,10,0.775,0,0,0,43.5881,212,680,43.5881
351,0,18,10,0.8,0,0,0,39.3461,213,680,39.3461
352,0,18,10,0.825,0,0,0,36.9412,202,640,36.9412
353,0,18,10,0.85,0,0,0,36.9412,203,640,36.9412
354,0,18,10,0.875,0,0,0,36.9245,188,620,36.9245
355,0,18,10,0.9,0,0,0,36.9245,183,600,36.9245
356,0,18,10,0.925,0,0,0,9.41874,30,220,9.41874
357,0,18,10,0.95,0,0,0,9.41874,30,220,9.41874
358,0,18,10,0.975,0,0,0,9.41874,30,220,9.41874
359,0,18,10,1,0,0,0,9.41874,30,220,9.41874
360,1,20,10,0.025,76,0,26,162.298,4259,11544,162.298
361,1,20,10,0.05,65,0,26,139.729,3407,9020,139.729
362,1,20,10,0.075,53,0,26,114.132,2427,6270,114.132
363,1,20,10,0.1,48,0,26,102.158,1995,5420,102.158
364,1,20,10,0.125,45,0,26,98.283,1667,4400,98.283
365,1,20,10,0.15,45,0,26,96.2288,1459,3940,96.2288
366,1,20,10,0.175,44,0,26,100.187,1291,3460,100.187
367,1,20,10,0.2,42,0,26,93.3396,1262,3200,93.3396
368,1,20,10,0.225,41,0,26,90.3335,1020,2700,90.3335
369,1,20,10,0.25,40,0,26,89.131,951,2560,89.131
370,1,20,10,0.275,39,0,25,87.2939,906,2380,87.2939
371,1,20,10,0.3,36,0,25,79.4947,838,2260,79.4947
372,1,20,10,0.325,38,0,28,84.2878,806,2140,84.2878
373,1,20,10,0.35,37,0,25,83.8536,774,2020,83.8536
374,1,20,10,0.375,36,0,24,81.599,696,1840,81.599
375,0,20,10,0.4,0,0,0,66.251,538,1500,66.251
376,0,20,10,0.425,0,0,0,42.9869,346,1120,42.9869
377,1,20,10,0.45,34,0,26,76.3382,637,1740,76.3382
378,1,20,10,0.475,35,0,26,78.0417,640,1700,78.0417
379,0,20,10,0.5,0,0,0,59.0029,445,1300,59.0029
380,1,20,10,0.525,35,0,26,77.5073,568,1520,77.5073
381,0,20,10,0.55,0,0,0,24.8666,148,600,24.8666
382,0,20,10,0.575,0,0,0,22.7957,136,560,22.7957
383,0,20,10,0.6,0,0,0,22.7957,132,540,22.7957
384,0,20,10,0.625,0,0,0,22.7957,124,520,22.7957
385,0,20,10,0.65,0,0,0,23.0295,148,520,23.0295
386,0,20,10,0.675,0,0,0,23.1631,121,500,23.1631
387,0,20,10,0.7,0,0,0,23.4637,121,500,23.4637
388,0,20,10,0.725,0,0,0,23.4637,120,480,23.4637
389,0,20,10,0.75,0,0,0,23.4637,122,480,23.4637
390,0,20,10,0.775,0,0,0,25.6849,138,520,25.6849
391,0,20,10,0.8,0,0,0,25.6181,133,500,25.6181
392,0,20,10,0.825,0,0,0,25.0336,118,480,25.0336
393,0,20,10,0.85,0,0,0,53.3914,325,960,53.3914
394,0,20,10,0.875,0,0,0,68.6392,430,1140,68.6392
395,0,20,10,0.9,0,0,0,20.9085,111,440,20.9085
396,0,20,10,0.925,0,0,0,20.8584,99,420,20.8584
397,0,20,10,0.95,0,0,0,20.7248,101,420,20.7248
398,0,20,10,0.975,0,0,0,9.15154,26,220,9.15154
399,0,20,10,1,0,0,0,9.15154,26,220,9.15154
400,1,22,10,0.025,67,0,27,145.121,5127,13646,145.121
401,1,22,10,0.05,63,0,29,143.568,4303,11106,143.568
402,1,22,10,0.075,49,0,27,109.038,2772,7416,109.038
403,1,22,10,0.1,48,0,26,105.982,2575,6648,105.982
404,1,22,10,0.125,46,0,26,104.279,2002,5232,104.279
405,1,22,10,0.15,42,0,26,92.3376,1864,4680,92.3376
406,1,22,10,0.175,42,0,26,95.3771,1608,4080,95.3771
407,1,22,10,0.2,39,0,26,90.7176,1488,3792,90.7176
408,1,22,10,0.225,40,0,25,90.9347,1277,3216,90.9347
409,1,22,10,0.25,41,0,26,92.3376,1186,3096,92.3376
410,1,22,10,0.275,38,0,26,86.0915,1151,2856,86.0915
411,1,22,10,0.3,36,0,26,82.7346,1093,2784,82.7346
412,1,22,10,0.325,37,0,26,83.6365,940,2448,83.6365
413,1,22,10,0.35,37,0,24,86.2251,895,2352,86.2251
414,1,22,10,0.375,37,0,26,84.8222,860,2280,84.8222
415,1,22,10,0.4,36,0,25,82.9684,840,2280,82.9684
416,0,22,10,0.425,0,0,0,59.1031,607,1728,59.1031
417,1,22,10,0.45,33,0,27,75.904,754,2064,75.904
418,1,22,10,0.475,34,0,26,75.4364,779,1992,75.4364
419,1,22,10,0.5,36,0,27,80.1293,701,1872,80.1293
420,1,22,10,0.525,35,0,27,77.8914,649,1752,77.8914
421,1,22,10,0.55,36,0,26,81.1648,697,1776,81.1648
422,0,22,10,0.575,0,0,0,59.0029,447,1296,59.0029
423,0,22,10,0.6,0,0,0,58.8693,451,1296,58.8693
424,1,22,10,0.625,34,0,28,77.023,604,1560,77.023
425,1,22,10,0.65,34,0,28,76.8727,606,1560,76.8727
426,1,22,10,0.675,35,0,29,79.645,608,1560,79.645
427,1,22,10,0.7,35,0,29,79.8955,583,1584,79.8955
428,1,22,10,0.725,35,0,29,79.7285,576,1512,79.7285
429,0,22,10,0.75,0,0,0,74.4511,533,1392,74.4511
430,0,22,10,0.775,0,0,0,27.7892,174,624,27.7892
431,1,22,10,0.8,36,0,28,82.0332,558,1488,82.0332
432,0,22,10,0.825,0,0,0,29.6764,192,600,29.6764
433,0,22,10,0.85,0,0,0,25.401,160,576,25.401
434,0,22,10,0.875,0,0,0,25.6348,191,576,25.6348
435,0,22,10,0.9,0,0,0,21.1423,140,552,21.1423
436,0,22,10,0.925,0,0,0,20.8417,135,528,20.8417
437,0,22,10,0.95,0,0,0,20.8417,159,528,20.8417
438,0,22,10,0.975,0,0,0,9.41874,32,264,9.41874
439,0,22,10,1,0,0,0,9.41874,32,264,9.41874
440,1,24,10,0.025,79,0,27,176.804,6148,15532,176.804
441,1,24,10,0.05,64,0,27,143.318,4584,11830,143.318
442,1,24,10,0.075,56,0,27,127.61,3215,8216,127.61
443,1,24,10,0.1,50,0,26,112.996,2724,7072,112.996
444,1,24,10,0.125,47,0,26,103.727,2061,5512,103.727
445,1,24,10,0.15,46,0,26,102.625,1942,4992,102.625
446,1,24,10,0.175,45,0,25,101.206,1638,4342,101.206
447,1,24,10,0.2,41,0,26,91.2019,1503,3900,91.2019
448,1,24,10,0.225,41,0,26,91.8031,1345,3536,91.8031
449,1,24,10,0.25,40,0,26,90.6174,1326,3302,90.6174
450,1,24,10,0.275,39,0,27,89.6153,1172,2990,89.6153
451,1,24,10,0.3,36,0,28,81.5155,1070,2912,81.5155
452,1,24,10,0.325,39,0,28,88.5799,1011,2704,88.5799
453,1,24,10,0.35,38,0,26,86.9933,1017,2652,86.9933
454,1,24,10,0.375,37,0,25,83.5864,948,2600,83.5864
455,1,24,10,0.4,38,0,27,84.5216,902,2496,84.5216
456,1,24,10,0.425,37,0,26,83.3192,895,2262,83.3192
457,1,24,10,0.45,35,0,26,79.1607,790,2132,79.1607
458,1,24,10,0.475,37,0,27,81.9497,817,2080,81.9497
459,0,24,10,0.5,0,0,0,63.3618,586,1638,63.3618
460,1,24,10,0.525,35,0,26,80.3631,759,2002,80.3631
461,0,24,10,0.55,0,0,0,61.0404,530,1534,61.0404
462,0,24,10,0.575,0,0,0,60.9068,501,1456,60.9068
463,0,24,10,0.6,0,0,0,60.9068,500,1456,60.9068
464,0,24,10,0.625,0,0,0,58.9862,477,1404,58.9862
465,1,24,10,0.65,35,0,28,79.3611,652,1742,79.3611
466,1,24,10,0.675,35,0,29,80.1126,641,1716,80.1126
467,1,24,10,0.7,35,0,29,80.2629,645,1716,80.2629
468,0,24,10,0.725,0,0,0,28.2735,198,676,28.2735
469,0,24,10,0.75,0,0,0,26.4698,166,650,26.4698
470,1,24,10,0.775,34,0,28,79.3277,621,1638,79.3277
471,0,24,10,0.8,0,0,0,33.7179,229,702,33.7179
472,0,24,10,0.825,0,0,0,30.3611,189,676,30.3611
473,0,24,10,0.85,0,0,0,26.403,184,650,26.403
474,0,24,10,0.875,0,0,0,26.403,185,650,26.403
475,0,24,10,0.9,0,0,0,20.8417,157,598,20.8417
476,0,24,10,0.925,0,0,0,21.0922,144,572,21.0922
477,0,24,10,0.95,0,0,0,21.0922,171,572,21.0922
478,0,24,10,0.975,0,0,0,9.41874,37,286,9.41874
479,0,24,10,1,0,0,0,9.41874,37,286,9.41874
480,1,26,10,0.025,75,0,25,163.183,5974,15616,163.183
481,1,26,10,0.05,65,0,25,141.548,4756,12050,141.548
482,1,26,10,0.075,54,0,25,118.908,3184,8190,118.908
483,1,26,10,0.1,50,0,26,108.704,2654,7020,108.704
484,1,26,10,0.125,43,0,25,95.1266,2106,5616,95.1266
485,1,26,10,0.15,47,0,26,102.809,1939,5096,102.809
486,1,26,10,0.175,42,0,26,92.1371,1598,4342,92.1371
487,1,26,10,0.2,44,0,26,99.5189,1656,4082,99.5189
488,0,26,10,0.225,0,0,0,70.5932,1127,2964,70.5932
489,1,26,10,0.25,42,0,28,95.2435,1328,3484,95.2435
490,1,26,10,0.275,36,0,24,82.8849,1207,3146,82.8849
491,1,26,10,0.3,38,0,26,85.1729,1082,2860,85.1729
492,1,26,10,0.325,38,0,27,84.8723,982,2704,84.8723
493,1,26,10,0.35,39,0,25,89.2646,957,2600,89.2646
494,1,26,10,0.375,37,0,27,82.3839,999,2600,82.3839
495,1,26,10,0.4,36,0,26,80.5969,897,2418,80.5969
496,1,26,10,0.425,32,0,26,72.2299,930,2314,72.2299
497,1,26,10,0.45,33,0,27,73.5993,781,2132,73.5993
498,1,26,10,0.475,35,0,27,78.0083,764,2080,78.0083
499,1,26,10,0.5,38,0,29,85.3232,783,2106,85.3232
500,1,26,10,0.525,35,0,26,79.7953,724,1976,79.7953
501,0,26,10,0.55,0,0,0,59.1031,529,1534,59.1031
502,0,26,10,0.575,0,0,0,72.7309,632,1716,72.7309
503,0,26,10,0.6,0,0,0,71.1944,619,1690,71.1944
504,0,26,10,0.625,0,0,0,71.1944,626,1664,71.1944
505,0,26,10,0.65,0,0,0,71.4282,566,1560,71.4282
506,0,26,10,0.675,0,0,0,71.5117,557,1534,71.5117
507,0,26,10,0.7,0,0,0,23.1965,162,676,23.1965
508,0,26,10,0.725,0,0,0,23.1965,160,650,23.1965
509,0,26,10,0.75,0,0,0,26.1692,162,650,26.1692
510,0,26,10,0.775,0,0,0,72.1798,568,1534,72.1798
511,0,26,10,0.8,0,0,0,74.1504,568,1534,74.1504
512,0,26,10,0.825,0,0,0,32.6658,213,676,32.6658
513,0,26,10,0.85,0,0,0,25.5012,180,650,25.5012
514,0,26,10,0.875,0,0,0,19.4221,170,624,19.4221
515,0,26,10,0.9,0,0,0,23.614,180,598,23.614
516,0,26,10,0.925,0,0,0,20.8417,138,546,20.8417
517,0,26,10,0.95,0,0,0,20.8417,136,546,20.8417
518,0,26,10,0.975,0,0,0,9.21834,36,286,9.21834
519,0,26,10,1,0,0,0,9.21834,36,286,9.21834
520,1,28,10,0.025,74,0,25,165.587,5688,15546,165.587
521,1,28,10,0.05,70,0,25,157.524,4869,12862,157.524
522,1,28,10,0.075,52,0,25,118.023,3390,8848,118.023
523,1,28,10,0.1,52,0,26,115.034,2912,7700,115.034
524,1,28,10,0.125,43,0,25,100.27,2235,6076,100.27
525,1,28,10,0.15,47,0,28,105.548,2022,5460,105.548
526,1,28,10,0.175,45,0,26,101.79,1729,4648,101.79
527,1,28,10,0.2,39,0,26,89.1978,1611,4340,89.1978
528,1,28,10,0.225,41,0,26,91.2019,1438,3948,91.2019
529,1,28,10,0.25,42,0,26,94.3416,1375,3696,94.3416
530,1,28,10,0.275,36,0,24,83.0185,1204,3276,83.0185
531,1,28,10,0.3,37,0,26,83.5864,1178,3220,83.5864
532,1,28,10,0.325,39,0,26,87.4609,1054,2884,87.4609
533,1,28,10,0.35,38,0,24,86.0748,1085,2828,86.0748
534,1,28,10,0.375,39,0,24,88.5465,942,2604,88.5465
535,1,28,10,0.4,39,0,25,88.1457,966,2688,88.1457
536,1,28,10,0.425,34,0,24,80.6303,944,2576,80.6303
537,1,28,10,0.45,36,0,25,81.9831,881,2464,81.9831
538,1,28,10,0.475,33,0,26,74.1504,822,2268,74.1504
539,0,28,10,0.5,0,0,0,59.4538,595,1736,59.4538
540,0,28,10,0.525,0,0,0,62.1092,562,1708,62.1092
541,0,28,10,0.55,0,0,0,61.7585,556,1652,61.7585
542,0,28,10,0.575,0,0,0,59.3703,549,1624,59.3703
543,0,28,10,0.6,0,0,0,59.6375,517,1540,59.6375
544,0,28,10,0.625,0,0,0,59.6542,530,1596,59.6542
545,0,28,10,0.65,0,0,0,60.1719,510,1540,60.1719
546,0,28,10,0.675,0,0,0,74.6515,620,1792,74.6515
547,1,28,10,0.7,35,0,28,79.0438,690,1876,79.0438
548,0,28,10,0.725,0,0,0,29.9436,230,784,29.9436
549,0,28,10,0.75,0,0,0,29.2588,198,756,29.2588
550,0,28,10,0.775,0,0,0,27.7558,200,700,27.7558
551,0,28,10,0.8,0,0,0,27.9562,203,700,27.9562
552,0,28,10,0.825,0,0,0,27.9729,164,672,27.9729
553,0,28,10,0.85,0,0,0,24.115,158,644,24.115
554,0,28,10,0.875,0,0,0,19.4221,184,672,19.4221
555,0,28,10,0.9,0,0,0,19.4722,137,588,19.4722
556,0,28,10,0.925,0,0,0,20.8417,149,588,20.8417
557,0,28,10,0.95,0,0,0,20.8417,148,588,20.8417
558,0,28,10,0.975,0,0,0,9.21834,37,308,9.21834
559,0,28,10,1,0,0,0,9.21834,37,308,9.21834
560,1,30,10,0.025,78,0,25,170.912,6510,17536,170.912
561,1,30,10,0.05,68,0,25,149.127,5106,13680,149.127
562,1,30,10,0.075,53,0,25,118.474,3538,9240,118.474
563,1,30,10,0.1,53,0,25,115.418,2987,8070,115.418
564,1,30,10,0.125,46,0,26,104.345,2504,6510,104.345
565,1,30,10,0.15,44,0,26,99.3519,2191,5790,99.3519
566,1,30,10,0.175,39,0,25,87.0434,1786,4980,87.0434
567,1,30,10,0.2,45,0,28,100.387,1862,4740,100.387
568,1,30,10,0.225,41,0,26,93.2895,1523,4170,93.2895
569,1,30,10,0.25,43,0,25,93.0891,1515,3840,93.0891
570,1,30,10,0.275,38,0,26,86.3921,1234,3420,86.3921
571,1,30,10,0.3,37,0,25,84.3546,1238,3390,84.3546
572,1,30,10,0.325,38,0,26,86.7762,1209,3180,86.7762
573,1,30,10,0.35,37,0,25,84.5884,1140,3090,84.5884
574,1,30,10,0.375,36,0,27,81.0646,1088,2880,81.0646
575,1,30,10,0.4,35,0,26,78.7766,985,2790,78.7766
576,0,30,10,0.425,0,0,0,59.0697,704,2100,59.0697
577,0,30,10,0.45,0,0,0,60.6562,722,2010,60.6562
578,0,30,10,0.475,0,0,0,57.0155,670,1950,57.0155
579,0,30,10,0.5,0,0,0,61.7418,596,1860,61.7418
580,0,30,10,0.525,0,0,0,64.2302,603,1890,64.2302
581,0,30,10,0.55,0,0,0,63.3451,590,1860,63.3451
582,0,30,10,0.575,0,0,0,73.95,672,1890,73.95
583,0,30,10,0.6,0,0,0,74.2673,717,1920,74.2673
584,0,30,10,0.625,0,0,0,72.1297,678,1890,72.1297
585,0,30,10,0.65,0,0,0,71.8123,665,1860,71.8123
586,0,30,10,0.675,0,0,0,72.4303,650,1830,72.4303
587,0,30,10,0.7,0,0,0,72.1297,671,1830,72.1297
588,0,30,10,0.725,0,0,0,69.7748,632,1800,69.7748
589,0,30,10,0.75,0,0,0,71.6119,632,1770,71.6119
590,0,30,10,0.775,0,0,0,27.4218,211,780,27.4218
591,0,30,10,0.8,0,0,0,25.9354,181,750,25.9354
592,0,30,10,0.825,0,0,0,29.4092,202,750,29.4092
593,0,30,10,0.85,0,0,0,29.4092,199,750,29.4092
594,0,30,10,0.875,0,0,0,25.2507,196,720,25.2507
595,0,30,10,0.9,0,0,0,25.2507,193,720,25.2507
596,0,30,10,0.925,0,0,0,20.8918,158,660,20.8918
597,0,30,10,0.95,0,0,0,20.5912,154,630,20.5912
598,0,30,10,0.975,0,0,0,20.8417,153,630,20.8417
599,0,30,10,1,0,0,0,20.8417,188,630,20.8417
600,1,32,10,0.025,81,0,27,178.373,7172,18704,178.373
601,1,32,10,0.05,70,0,26,151.681,5948,14928,151.681
602,1,32,10,0.075,56,0,27,124.37,3728,10016,124.37
603,1,32,10,0.1,55,0,26,121.313,3475,8928,121.313
604,1,32,10,0.125,45,0,27,101.89,2615,6944,101.89
605,1,32,10,0.15,43,0,26,93.9408,2422,6368,93.9408
606,1,32,10,0.175,40,0,26,89.0475,2141,5472,89.0475
607,1,32,10,0.2,41,0,26,91.4691,1838,4960,91.4691
608,1,32,10,0.225,40,0,28,88.2793,1655,4416,88.2793
609,1,32,10,0.25,40,0,28,91.1852,1587,4128,91.1852
610,1,32,10,0.275,36,0,25,79.6617,1416,3776,79.6617
611,1,32,10,0.3,35,0,25,79.6784,1383,3648,79.6784
612,1,32,10,0.325,37,0,24,82.7346,1247,3328,82.7346
613,1,32,10,0.35,36,0,26,82.4006,1130,3200,82.4006
614,1,32,10,0.375,41,0,27,90.3502,1114,3072,90.3502
615,1,32,10,0.4,41,0,27,91.0015,1092,3040,91.0015
616,1,32,10,0.425,37,0,27,83.4027,1056,2880,83.4027
617,0,32,10,0.45,0,0,0,74.4344,980,2624,74.4344
618,1,32,10,0.475,34,0,25,76.8059,983,2624,76.8059
619,0,32,10,0.5,0,0,0,27.1045,277,1088,27.1045
620,0,32,10,0.525,0,0,0,27.1546,240,992,27.1546
621,0,32,10,0.55,0,0,0,27.2882,239,992,27.2882
622,0,32,10,0.575,0,0,0,43.6716,422,1408,43.6716
623,0,32,10,0.6,0,0,0,43.371,398,1344,43.371
624,0,32,10,0.625,0,0,0,23.447,198,832,23.447
625,0,32,10,0.65,0,0,0,23.447,200,832,23.447
626,0,32,10,0.675,0,0,0,43.5881,385,1312,43.5881
627,0,32,10,0.7,0,0,0,43.5881,367,1280,43.5881
628,0,32,10,0.725,0,0,0,28.9415,271,928,28.9415
629,0,32,10,0.75,0,0,0,28.9415,273,896,28.9415
630,0,32,10,0.775,0,0,0,28.6409,263,864,28.6409
631,0,32,10,0.8,0,0,0,25.2006,220,832,25.2006
632,0,32,10,0.825,0,0,0,25.1839,203,768,25.1839
633,0,32,10,0.85,0,0,0,25.1839,199,768,25.1839
634,0,32,10,0.875,0,0,0,37.7094,344,1152,37.7094
635,0,32,10,0.9,0,0,0,20.6246,204,800,20.6246
636,0,32,10,0.925,0,0,0,19.205,207,768,19.205
637,0,32,10,0.95,0,0,0,21.7101,181,736,21.7101
638,0,32,10,0.975,0,0,0,20.6246,176,736,20.6246
639,0,32,10,1,0,0,0,18.9712,154,704,18.9712
640,1,34,10,0.025,84,0,27,187.388,7950,20812,187.388
641,1,34,10,0.05,65,0,26,145.388,6164,15810,145.388
642,1,34,10,0.075,58,0,27,130.665,4084,10778,130.665
643,1,34,10,0.1,52,0,26,116.387,3557,9418,116.387
644,1,34,10,0.125,48,0,27,107.802,2791,7378,107.802
645,1,34,10,0.15,41,0,26,90.584,2507,6766,90.584
646,1,34,10,0.175,42,0,25,94.2414,2137,5712,94.2414
647,1,34,10,0.2,42,0,24,93.1225,1994,5304,93.1225
648,1,34,10,0.225,39,0,25,86.843,1740,4760,86.843
649,1,34,10,0.25,39,0,25,85.6907,1702,4420,85.6907
650,1,34,10,0.275,38,0,27,85.3065,1490,4012,85.3065
651,1,34,10,0.3,35,0,25,79.9623,1463,3910,79.9623
652,1,34,10,0.325,37,0,24,83.0853,1307,3638,83.0853
653,1,34,10,0.35,37,0,27,84.5383,1283,3502,84.5383
654,1,34,10,0.375,39,0,26,85.4234,1162,3196,85.4234
655,1,34,10,0.4,36,0,25,79.8454,1198,3196,79.8454
656,1,34,10,0.425,35,0,25,80.0625,1139,2958,80.0625
657,1,34,10,0.45,35,0,27,80.0124,1154,2856,80.0124
658,1,34,10,0.475,33,0,26,74.902,1031,2890,74.902
659,1,34,10,0.5,35,0,26,78.2421,1057,2754,78.2421
660,0,34,10,0.525,0,0,0,44.8907,461,1530,44.8907
661,0,34,10,0.55,0,0,0,45.4753,458,1530,45.4753
662,0,34,10,0.575,0,0,0,43.204,449,1530,43.204
663,0,34,10,0.6,0,0,0,42.9034,420,1462,42.9034
664,0,34,10,0.625,0,0,0,41.4003,394,1360,41.4003
665,0,34,10,0.65,0,0,0,41.4003,393,1360,41.4003
666,0,34,10,0.675,0,0,0,45.8594,415,1428,45.8594
667,0,34,10,0.7,0,0,0,45.5755,396,1394,45.5755
668,0,34,10,0.725,0,0,0,42.0015,384,1360,42.0015
669,0,34,10,0.75,0,0,0,41.6007,384,1326,41.6007
670,0,34,10,0.775,0,0,0,41.417,347,1224,41.417
671,0,34,10,0.8,0,0,0,41.3836,350,1224,41.3836
672,0,34,10,0.825,0,0,0,39.5632,350,1190,39.5632
673,0,34,10,0.85,0,0,0,28.2735,253,850,28.2735
674,0,34,10,0.875,0,0,0,37.7428,340,1190,37.7428
675,0,34,10,0.9,0,0,0,20.6246,222,850,20.6246
676,0,34,10,0.925,0,0,0,19.205,218,816,19.205
677,0,34,10,0.95,0,0,0,21.66,184,782,21.66
678,0,34,10,0.975,0,0,0,20.6246,188,782,20.6246
679,0,34,10,1,0,0,0,19.0213,161,748,19.0213
680,1,36,10,0.025,83,0,27,187.037,9128,23294,187.037
681,1,36,10,0.05,65,0,26,141.215,6564,17100,141.215
682,1,36,10,0.075,56,0,27,125.555,4489,12008,125.555
683,1,36,10,0.1,54,0,26,120.879,4092,10602,120.879
684,1,36,10,0.125,44,0,27,100.087,3185,8360,100.087
685,1,36,10,0.15,44,0,26,96.4793,2919,7638,96.4793
686,1,36,10,0.175,39,0,26,88.0622,2477,6422,88.0622
687,1,36,10,0.2,41,0,26,93.1559,2150,5852,93.1559
688,1,36,10,0.225,38,0,28,85.1729,1897,5168,85.1729
689,1,36,10,0.25,40,0,28,90.6174,1944,4978,90.6174
690,1,36,10,0.275,35,0,25,78.1085,1604,4418,78.1085
691,1,36,10,0.3,35,0,26,80.0124,1637,4370,80.0124
692,1,36,10,0.325,37,0,26,83.7367,1562,3990,83.7367
693,1,36,10,0.35,36,0,25,81.6992,1390,3838,81.6992
694,1,36,10,0.375,41,0,26,93.4899,1274,3496,93.4899
695,1,36,10,0.4,40,0,26,90.3168,1275,3458,90.3168
696,1,36,10,0.425,38,0,27,87.0768,1238,3382,87.0768
697,1,36,10,0.45,33,0,26,77.7411,1257,3344,77.7411
698,1,36,10,0.475,34,0,25,78.2421,1183,3154,78.2421
699,0,36,10,0.5,0,0,0,27.5053,331,1292,27.5053
700,0,36,10,0.525,0,0,0,27.4719,273,1140,27.4719
701,0,36,10,0.55,0,0,0,27.6222,286,1178,27.6222
702,0,36,10,0.575,0,0,0,44.6903,481,1634,44.6903
703,0,36,10,0.6,0,0,0,44.5734,449,1558,44.5734
704,0,36,10,0.625,0,0,0,23.8144,231,988,23.8144
705,0,36,10,0.65,0,0,0,23.8144,233,988,23.8144
706,0,36,10,0.675,0,0,0,44.1726,455,1558,44.1726
707,0,36,10,0.7,0,0,0,43.8887,437,1520,43.8887
708,0,36,10,0.725,0,0,0,42.7029,431,1520,42.7029
709,0,36,10,0.75,0,0,0,42.6862,430,1444,42.6862
710,0,36,10,0.775,0,0,0,42.6194,393,1368,42.6194
711,0,36,10,0.8,0,0,0,42.0182,395,1368,42.0182
712,0,36,10,0.825,0,0,0,24.0482,225,912,24.0482
713,0,36,10,0.85,0,0,0,24.0482,223,912,24.0482
714,0,36,10,0.875,0,0,0,38.5779,388,1330,38.5779
715,0,36,10,0.9,0,0,0,21.159,241,950,21.159
716,0,36,10,0.925,0,0,0,19.4221,245,912,19.4221
717,0,36,10,0.95,0,0,0,21.6266,207,874,21.6266
718,0,36,10,0.975,0,0,0,20.8751,204,874,20.8751
719,0,36,10,1,0,0,0,19.2718,183,836,19.2718
720,1,38,10,0.025,75,0,26,168.074,7826,21340,168.074
721,1,38,10,0.05,71,0,26,160.345,6737,17652,160.345
722,1,38,10,0.075,55,0,26,122.9,4453,11780,122.9
723,1,38,10,0.1,52,0,26,117.522,4036,10450,117.522
724,1,38,10,0.125,46,0,26,101.907,2984,8132,101.907
725,1,38,10,0.15,44,0,26,98.0659,2865,7448,98.0659
726,1,38,10,0.175,43,0,24,95.9115,2328,6270,95.9115
727,1,38,10,0.2,41,0,25,91.8866,2157,5928,91.8866
728,1,38,10,0.225,39,0,23,87.3941,1837,5168,87.3941
729,1,38,10,0.25,41,0,27,92.872,1772,4940,92.872
730,1,38,10,0.275,38,0,26,85.4234,1683,4522,85.4234
731,1,38,10,0.3,34,0,24,78.5761,1564,4408,78.5761
732,1,38,10,0.325,37,0,25,83.8035,1427,3990,83.8035
733,1,38,10,0.35,35,0,25,80.8307,1328,3724,80.8307
734,1,38,10,0.375,40,0,26,90.6174,1339,3610,90.6174
735,0,38,10,0.4,0,0,0,90.3168,1247,3344,90.3168
736,0,38,10,0.425,0,0,0,76.6723,1134,3154,76.6723
737,1,38,10,0.45,36,0,26,81.4821,1146,3154,81.4821
738,1,38,10,0.475,34,0,25,77.1566,1125,3040,77.1566
739,1,38,10,0.5,36,0,25,81.0646,1053,2964,81.0646
740,0,38,10,0.525,0,0,0,48.0639,537,1824,48.0639
741,0,38,10,0.55,0,0,0,46.6109,510,1748,46.6109
742,0,38,10,0.575,0,0,0,44.2895,488,1672,44.2895
743,0,38,10,0.6,0,0,0,27.856,291,1140,27.856
744,0,38,10,0.625,0,0,0,41.9848,460,1596,41.9848
745,0,38,10,0.65,0,0,0,41.9848,460,1596,41.9848
746,0,38,10,0.675,0,0,0,25.8352,256,1026,25.8352
747,0,38,10,0.7,0,0,0,25.8352,234,988,25.8352
748,0,38,10,0.725,0,0,0,42.1852,427,1520,42.1852
749,0,38,10,0.75,0,0,0,41.7009,413,1444,41.7009
750,0,38,10,0.775,0,0,0,42.1685,419,1444,42.1685
751,0,38,10,0.8,0,0,0,42.1685,412,1406,42.1685
752,0,38,10,0.825,0,0,0,25.1839,251,950,25.1839
753,0,38,10,0.85,0,0,0,25.1839,246,950,25.1839
754,0,38,10,0.875,0,0,0,21.4763,194,836,21.4763
755,0,38,10,0.9,0,0,0,19.1549,196,836,19.1549
756,0,38,10,0.925,0,0,0,21.2759,219,912,21.2759
757,0,38,10,0.95,0,0,0,21.159,214,874,21.159
758,0,38,10,0.975,0,0,0,20.658,196,836,20.658
759,0,38,10,1,0,0,0,19.1048,171,798,19.1048
760,1,40,10,0.025,74,0,26,163.75,8261,22520,163.75
761,1,40,10,0.05,68,0,26,151.731,7144,18674,151.731
762,1,40,10,0.075,55,0,26,124.086,4681,12640,124.086
763,1,40,10,0.1,49,0,26,107.519,3944,10800,107.519
764,1,40,10,0.125,43,0,26,95.5608,3243,8640,95.5608
765,1,40,10,0.15,43,0,26,97.4814,2895,7960,97.4814
766,1,40,10,0.175,40,0,26,90.5339,2474,6720,90.5339
767,1,40,10,0.2,42,0,25,95.6276,2337,6280,95.6276
768,1,40,10,0.225,36,0,26,80.9476,2040,5560,80.9476
769,1,40,10,0.25,39,0,27,90.0162,1891,5120,90.0162
770,1,40,10,0.275,37,0,27,83.7868,1717,4760,83.7868
771,1,40,10,0.3,34,0,24,77.7578,1567,4520,77.7578
772,1,40,10,0.325,37,0,27,83.3025,1529,4240,83.3025
773,1,40,10,0.35,37,0,27,83.5029,1444,4040,83.5029
774,1,40,10,0.375,40,0,27,88.8638,1324,3800,88.8638
775,1,40,10,0.4,40,0,27,90.4671,1288,3720,90.4671
776,1,40,10,0.425,33,0,26,75.8539,1304,3400,75.8539
777,1,40,10,0.45,32,0,25,73.3655,1155,3280,73.3655
778,1,40,10,0.475,34,0,26,76.6389,1191,3200,76.6389
779,1,40,10,0.5,36,0,27,80.3297,1128,3160,80.3297
780,1,40,10,0.525,33,0,26,75.2694,1098,3120,75.2694
781,0,40,10,0.55,0,0,0,46.7779,529,1840,46.7779
782,0,40,10,0.575,0,0,0,44.5066,509,1720,44.5066
783,0,40,10,0.6,0,0,0,44.3062,512,1720,44.3062
784,0,40,10,0.625,0,0,0,41.9347,504,1640,41.9347
785,0,40,10,0.65,0,0,0,42.085,448,1600,42.085
786,0,40,10,0.675,0,0,0,44.5567,465,1600,44.5567
787,0,40,10,0.7,0,0,0,44.5567,432,1520,44.5567
788,0,40,10,0.725,0,0,0,25.735,274,1120,25.735
789,0,40,10,0.75,0,0,0,24.8498,264,1040,24.8498
790,0,40,10,0.775,0,0,0,28.3403,324,1080,28.3403
791,0,40,10,0.8,0,0,0,25.0336,273,1040,25.0336
792,0,40,10,0.825,0,0,0,39.9306,408,1440,39.9306
793,0,40,10,0.85,0,0,0,28.2401,300,1040,28.2401
794,0,40,10,0.875,0,0,0,26.3863,270,960,26.3863
795,0,40,10,0.9,0,0,0,19.205,200,880,19.205
796,0,40,10,0.925,0,0,0,21.2091,218,960,21.2091
797,0,40,10,0.95,0,0,0,21.0588,213,920,21.0588
798,0,40,10,0.975,0,0,0,20.6914,206,880,20.6914
799,0,40,10,1,0,0,0,19.1549,178,840,19.1549
800,1,42,10,0.025,83,0,27,182.547,9824,25858,182.547
801,1,42,10,0.05,70,0,25,153.718,7464,19888,153.718
802,1,42,10,0.075,54,0,27,120.746,5042,13596,120.746
803,1,42,10,0.1,53,0,25,119.576,4649,12144,119.576
804,1,42,10,0.125,51,0,26,115.568,3577,9504,115.568
805,1,42,10,0.15,45,0,25,100.354,3294,8668,100.354
806,1,42,10,0.175,43,0,24,95.1433,2602,7172,95.1433
807,1,42,10,0.2,44,0,26,99.8028,2676,6952,99.8028
808,1,42,10,0.225,41,0,26,91.0516,2151,5896,91.0516
809,1,42,10,0.25,42,0,28,95.4439,2083,5720,95.4439
810,1,42,10,0.275,37,0,25,83.5864,1945,5192,83.5864
811,1,42,10,0.3,37,0,24,85.6072,1853,5060,85.6072
812,1,42,10,0.325,37,0,25,84.0039,1851,4752,84.0039
813,1,42,10,0.35,39,0,27,87.5945,1643,4444,87.5945
814,1,42,10,0.375,41,0,27,92.3543,1618,4312,92.3543
815,1,42,10,0.4,40,0,27,90.0997,1584,4180,90.0997
816,1,42,10,0.425,36,0,27,80.5301,1523,4004,80.5301
817,1,42,10,0.45,35,0,27,78.6763,1401,3784,78.6763
818,1,42,10,0.475,36,0,27,80.8808,1396,3740,80.8808
819,1,42,10,0.5,36,0,26,80.5802,1220,3432,80.5802
820,1,42,10,0.525,36,0,26,81.4821,1283,3476,81.4821
821,1,42,10,0.55,35,0,25,79.5782,1202,3432,79.5782
822,0,42,10,0.575,0,0,0,71.1944,1130,3124,71.1944
823,0,42,10,0.6,0,0,0,70.3427,1031,2948,70.3427
824,0,42,10,0.625,0,0,0,76.9729,1072,2992,76.9729
825,0,42,10,0.65,0,0,0,30.7285,367,1276,30.7285
826,0,42,10,0.675,0,0,0,27.8059,311,1276,27.8059
827,0,42,10,0.7,0,0,0,27.856,277,1188,27.856
828,0,42,10,0.725,0,0,0,23.5305,258,1144,23.5305
829,0,42,10,0.75,0,0,0,23.5305,257,1100,23.5305
830,0,42,10,0.775,0,0,0,28.4405,288,1144,28.4405
831,0,42,10,0.8,0,0,0,26.8205,278,1100,26.8205
832,0,42,10,0.825,0,0,0,28.19,273,1100,28.19
833,0,42,10,0.85,0,0,0,28.19,269,1100,28.19
834,0,42,10,0.875,0,0,0,20.825,254,1056,20.825
835,0,42,10,0.9,0,0,0,19.8563,231,1012,19.8563
836,0,42,10,0.925,0,0,0,20.0734,230,1056,20.0734
837,0,42,10,0.95,0,0,0,19.5557,219,1012,19.5557
838,0,42,10,0.975,0,0,0,19.7728,193,924,19.7728
839,0,42,10,1,0,0,0,19.7728,246,924,19.7728
840,1,44,10,0.025,87,0,27,193.564,9997,26798,193.564
841,1,44,10,0.05,68,0,26,146.289,7496,20248,146.289
842,1,44,10,0.075,57,0,27,126.741,5403,14444,126.741
843,1,44,10,0.1,56,0,26,123.702,4802,12742,123.702
844,1,44,10,0.125,48,0,27,106.951,3759,10074,106.951
845,1,44,10,0.15,45,0,26,101.824,3415,9108,101.824
846,1,44,10,0.175,41,0,26,93.3062,2897,7682,93.3062
847,1,44,10,0.2,43,0,25,97.7486,2689,7130,97.7486
848,1,44,10,0.225,37,0,26,83.3192,2429,6394,83.3192
849,1,44,10,0.25,41,0,27,93.0724,2133,5888,93.0724
850,1,44,10,0.275,36,0,26,81.3986,2086,5474,81.3986
851,1,44,10,0.3,36,0,25,82.3839,2024,5428,82.3839
852,1,44,10,0.325,37,0,25,85.39,1793,4784,85.39
853,1,44,10,0.35,39,0,27,88.1624,1644,4600,88.1624
854,1,44,10,0.375,40,0,27,89.6487,1635,4416,89.6487
855,1,44,10,0.4,40,0,28,90.6007,1515,4232,90.6007
856,1,44,10,0.425,36,0,27,81.6658,1485,4094,81.6658
857,1,44,10,0.45,35,0,27,80.0792,1394,3910,80.0792
858,0,44,10,0.475,0,0,0,66.4347,1332,3634,66.4347
859,1,44,10,0.5,38,0,27,84.3045,1350,3634,84.3045
860,0,44,10,0.525,0,0,0,48.6818,766,2254,48.6818
861,0,44,10,0.55,0,0,0,77.1566,1232,3358,77.1566
862,0,44,10,0.575,0,0,0,72.5639,1178,3220,72.5639
863,0,44,10,0.6,0,0,0,70.0588,1181,3174,70.0588
864,0,44,10,0.625,0,0,0,75.4364,1098,3082,75.4364
865,0,44,10,0.65,0,0,0,30.5114,383,1334,30.5114
866,0,44,10,0.675,0,0,0,71.7789,1086,3036,71.7789
867,0,44,10,0.7,0,0,0,72.4303,1055,2944,72.4303
868,0,44,10,0.725,0,0,0,72.6307,941,2760,72.6307
869,0,44,10,0.75,0,0,0,72.5305,930,2668,72.5305
870,0,44,10,0.775,0,0,0,28.524,303,1196,28.524
871,0,44,10,0.8,0,0,0,26.5533,288,1150,26.5533
872,0,44,10,0.825,0,0,0,76.405,951,2622,76.405
873,0,44,10,0.85,0,0,0,32.8996,372,1242,32.8996
874,0,44,10,0.875,0,0,0,20.9085,267,1104,20.9085
875,0,44,10,0.9,0,0,0,19.7895,245,1058,19.7895
876,0,44,10,0.925,0,0,0,19.9899,242,1104,19.9899
877,0,44,10,0.95,0,0,0,19.6392,229,1058,19.6392
878,0,44,10,0.975,0,0,0,20.7582,230,1012,20.7582
879,0,44,10,1,0,0,0,20.7582,283,1012,20.7582
880,1,46,10,0.025,85,0,27,185.001,10413,27370,185.001
881,1,46,10,0.05,74,0,26,161.781,7863,21076,161.781
882,1,46,10,0.075,61,0,27,135.439,5631,14490,135.439
883,1,46,10,0.1,52,0,26,115.952,4865,12512,115.952
884,1,46,10,0.125,47,0,27,104.479,3673,9844,104.479
885,1,46,10,0.15,45,0,26,100.471,3477,9200,100.471
886,1,46,10,0.175,44,0,25,98.5001,2870,7728,98.5001
887,1,46,10,0.2,44,0,24,98.3999,2702,7222,98.3999
888,1,46,10,0.225,38,0,24,85.507,2297,6348,85.507
889,1,46,10,0.25,39,0,26,87.7783,2212,5980,87.7783
890,1,46,10,0.275,38,0,26,87.0935,2203,5618,87.0935
891,1,46,10,0.3,36,0,26,81.933,1974,5290,81.933
892,1,46,10,0.325,38,0,25,86.4422,1823,4922,86.4422
893,0,46,10,0.35,0,0,0,77.7411,1668,4370,77.7411
894,1,46,10,0.375,40,0,27,89.1811,1582,4370,89.1811
895,1,46,10,0.4,40,0,27,88.2793,1559,4324,88.2793
896,1,46,10,0.425,37,0,27,84.388,1445,4002,84.388
897,1,46,10,0.45,37,0,27,85.7074,1425,3956,85.7074
898,1,46,10,0.475,36,0,25,80.8307,1350,3772,80.8307
899,0,46,10,0.5,0,0,0,74.6181,1291,3634,74.6181
900,0,46,10,0.525,0,0,0,78.8935,1176,3220,78.8935
901,0,46,10,0.55,0,0,0,74.7183,1103,3266,74.7183
902,0,46,10,0.575,0,0,0,74.2506,1165,3220,74.2506
903,0,46,10,0.6,0,0,0,71.6453,1087,3128,71.6453
904,0,46,10,0.625,0,0,0,73.7329,1071,3082,73.7329
905,0,46,10,0.65,0,0,0,74.117,1053,3036,74.117
906,0,46,10,0.675,0,0,0,27.6556,314,1288,27.6556
907,0,46,10,0.7,0,0,0,27.6556,289,1242,27.6556
908,0,46,10,0.725,0,0,0,26.1191,293,1242,26.1191
909,0,46,10,0.75,0,0,0,26.069,293,1196,26.069
910,0,46,10,0.775,0,0,0,23.8979,279,1150,23.8979
911,0,46,10,0.8,0,0,0,23.8979,276,1150,23.8979
912,0,46,10,0.825,0,0,0,23.1798,284,1150,23.1798
913,0,46,10,0.85,0,0,0,23.8979,273,1150,23.8979
914,0,46,10,0.875,0,0,0,22.2111,273,1104,22.2111
915,0,46,10,0.9,0,0,0,19.2384,255,1104,19.2384
916,0,46,10,0.925,0,0,0,19.3052,297,1104,19.3052
917,0,46,10,0.95,0,0,0,19.9732,222,1012,19.9732
918,0,46,10,0.975,0,0,0,19.2384,214,1012,19.2384
919,0,46,10,1,0,0,0,19.0714,220,1012,19.0714
920,1,48,10,0.025,89,0,27,194.482,11108,29314,194.482
921,1,48,10,0.05,67,0,26,150.329,8537,22368,150.329
922,1,48,10,0.075,59,0,27,129.112,5599,15264,129.112
923,1,48,10,0.1,55,0,26,123.401,5045,13296,123.401
924,1,48,10,0.125,47,0,27,102.943,3752,10320,102.943
925,1,48,10,0.15,46,0,26,104.028,3413,9504,104.028
926,1,48,10,0.175,42,0,26,93.8907,2936,7968,93.8907
927,1,48,10,0.2,41,0,26,91.6528,2798,7536,91.6528
928,1,48,10,0.225,39,0,25,88.2459,2350,6528,88.2459
929,1,48,10,0.25,42,0,28,94.9763,2240,6144,94.9763
930,1,48,10,0.275,40,0,27,89.3815,2078,5664,89.3815
931,1,48,10,0.3,36,0,25,82.4006,2019,5520,82.4006
932,1,48,10,0.325,36,0,24,82.6511,1737,4848,82.6511
933,1,48,10,0.35,38,0,25,86.3587,1665,4800,86.3587
934,1,48,10,0.375,41,0,28,91.5693,1672,4560,91.5693
935,1,48,10,0.4,42,0,26,95.2602,1625,4512,95.2602
936,1,48,10,0.425,38,0,27,85.9913,1496,4272,85.9913
937,1,48,10,0.45,33,0,25,77.7745,1531,4128,77.7745
938,1,48,10,0.475,35,0,27,79.0605,1424,4032,79.0605
939,1,48,10,0.5,37,0,27,81.5656,1526,3984,81.5656
940,0,48,10,0.525,0,0,0,27.2047,331,1440,27.2047
941,0,48,10,0.55,0,0,0,27.3884,346,1488,27.3884
942,1,48,10,0.575,34,0,26,78.025,1270,3552,78.025
943,1,48,10,0.6,34,0,26,77.7578,1295,3504,77.7578
944,0,48,10,0.625,0,0,0,28.2067,313,1296,28.2067
945,0,48,10,0.65,0,0,0,28.2067,322,1296,28.2067
946,0,48,10,0.675,0,0,0,27.5053,318,1344,27.5053
947,0,48,10,0.7,0,0,0,27.6222,293,1296,27.6222
948,0,48,10,0.725,0,0,0,26.0189,296,1296,26.0189
949,0,48,10,0.75,0,0,0,26.0189,298,1248,26.0189
950,0,48,10,0.775,0,0,0,23.9647,284,1200,23.9647
951,0,48,10,0.8,0,0,0,23.9647,282,1200,23.9647
952,0,48,10,0.825,0,0,0,23.2466,289,1200,23.2466
953,0,48,10,0.85,0,0,0,23.8979,279,1200,23.8979
954,0,48,10,0.875,0,0,0,22.161,273,1152,22.161
955,0,48,10,0.9,0,0,0,19.2384,258,1152,19.2384
956,0,48,10,0.925,0,0,0,19.2551,303,1152,19.2551
957,0,48,10,0.95,0,0,0,19.9231,226,1056,19.9231
958,0,48,10,0.975,0,0,0,19.2384,214,1056,19.2384
959,0,48,10,1,0,0,0,19.0714,223,1056,19.0714
960,1,50,10,0.025,83,0,26,181.345,11174,29600,181.345
961,1,50,10,0.05,73,0,26,160.996,8789,23380,160.996
962,1,50,10,0.075,55,0,26,123.05,5896,15550,123.05
963,1,50,10,0.1,52,0,26,116.721,5021,13600,116.721
964,1,50,10,0.125,46,0,25,102.174,3972,10800,102.174
965,1,50,10,0.15,45,0,25,100.371,3474,9850,100.371
966,1,50,10,0.175,41,0,26,91.8866,3141,8450,91.8866
967,1,50,10,0.2,44,0,28,99.2851,2856,7900,99.2851
968,1,50,10,0.225,41,0,28,92.3209,2623,6900,92.3209
969,1,50,10,0.25,40,0,26,88.7636,2498,6600,88.7636
970,1,50,10,0.275,36,0,26,81.2316,2173,5850,81.2316
971,1,50,10,0.3,36,0,24,82.3505,2108,5850,82.3505
972,1,50,10,0.325,38,0,28,85.6573,1891,5300,85.6573
973,1,50,10,0.35,36,0,24,81.3652,1801,4950,81.3652
974,1,50,10,0.375,41,0,27,92.7718,1615,4650,92.7718
975,1,50,10,0.4,40,0,27,91.252,1698,4700,91.252
976,1,50,10,0.425,35,0,27,78.977,1614,4500,78.977
977,1,50,10,0.45,35,0,26,79.311,1488,4150,79.311
978,1,50,10,0.475,36,0,25,81.4821,1513,4150,81.4821
979,1,50,10,0.5,37,0,25,83.9538,1530,4200,83.9538
980,0,50,10,0.525,0,0,0,72.4303,1299,3700,72.4303
981,0,50,10,0.55,0,0,0,79.7953,1340,3650,79.7953
982,0,50,10,0.575,0,0,0,72.5806,1297,3600,72.5806
983,0,50,10,0.6,0,0,0,72.2466,1326,3600,72.2466
984,0,50,10,0.625,0,0,0,74.3843,1154,3350,74.3843
985,0,50,10,0.65,0,0,0,74.8185,1157,3350,74.8185
986,0,50,10,0.675,0,0,0,72.5305,1106,3300,72.5305
987,0,50,10,0.7,0,0,0,73.0148,1130,3200,73.0148
988,0,50,10,0.725,0,0,0,25.7851,301,1350,25.7851
989,0,50,10,0.75,0,0,0,23.4136,289,1250,23.4136
990,0,50,10,0.775,0,0,0,23.6975,300,1250,23.6975
991,0,50,10,0.8,0,0,0,23.6975,301,1250,23.6975
992,0,50,10,0.825,0,0,0,23.3134,307,1250,23.3134
993,0,50,10,0.85,0,0,0,23.9647,296,1250,23.9647
994,0,50,10,0.875,0,0,0,19.539,248,1100,19.539
995,0,50,10,0.9,0,0,0,19.6058,246,1100,19.6058
996,0,50,10,0.925,0,0,0,19.7895,244,1150,19.7895
997,0,50,10,0.95,0,0,0,19.4722,233,1100,19.4722
998,0,50,10,0.975,0,0,0,19.2551,215,1050,19.2551
999,0,50,10,1,0,0,0,19.1549,222,1050,19.1549
1000,1,52,10,0.025,84,0,27,184.116,11424,30284,184.116
1001,1,52,10,0.05,74,0,26,164.234,9410,24362,164.234
1002,1,52,10,0.075,59,0,27,130.681,6060,16172,130.681
1003,1,52,10,0.1,55,0,26,120.695,5196,13988,120.695
1004,1,52,10,0.125,49,0,27,108.971,4112,11284,108.971
1005,1,52,10,0.15,47,0,26,106.55,3813,10400,106.55
1006,1,52,10,0.175,44,0,26,100.521,3237,8840,100.521
1007,1,52,10,0.2,42,0,26,93.7237,2972,8112,93.7237
1008,1,52,10,0.225,40,0,24,88.7469,2526,7176,88.7469
1009,1,52,10,0.25,41,0,28,93.039,2541,6708,93.039
1010,1,52,10,0.275,39,0,28,88.8471,2326,6136,88.8471
1011,1,52,10,0.3,36,0,25,82.1501,2200,6084,82.1501
1012,1,52,10,0.325,37,0,23,84.6886,1980,5460,84.6886
1013,1,52,10,0.35,37,0,25,84.3379,1884,5252,84.3379
1014,1,52,10,0.375,41,0,28,92.5046,1830,4992,92.5046
1015,1,52,10,0.4,40,0,26,91.1351,1695,4836,91.1351
1016,1,52,10,0.425,38,0,27,85.5237,1659,4732,85.5237
1017,1,52,10,0.45,36,0,27,80.6971,1593,4524,80.6971
1018,1,52,10,0.475,36,0,27,81.5489,1589,4368,81.5489
1019,1,52,10,0.5,38,0,26,84.1041,1560,4160,84.1041
1020,0,52,10,0.525,0,0,0,48.4146,848,2548,48.4146
1021,0,52,10,0.55,0,0,0,76.8226,1358,3796,76.8226
1022,0,52,10,0.575,0,0,0,72.2633,1279,3588,72.2633
1023,0,52,10,0.6,0,0,0,70.326,1251,3536,70.326
1024,0,52,10,0.625,0,0,0,72.7309,1160,3328,72.7309
1025,0,52,10,0.65,0,0,0,72.7476,1161,3328,72.7476
1026,0,52,10,0.675,0,0,0,71.6286,1223,3484,71.6286
1027,0,52,10,0.7,0,0,0,72.1297,1160,3328,72.1297
1028,0,52,10,0.725,0,0,0,74.8519,1079,3224,74.8519
1029,0,52,10,0.75,0,0,0,74.6515,1075,3120,74.6515
1030,0,52,10,0.775,0,0,0,73.7663,1103,3120,73.7663
1031,0,52,10,0.8,0,0,0,73.9667,1091,3120,73.9667
1032,0,52,10,0.825,0,0,0,23.2967,318,1300,23.2967
1033,0,52,10,0.85,0,0,0,23.8812,305,1300,23.8812
1034,0,52,10,0.875,0,0,0,20.9252,296,1248,20.9252
1035,0,52,10,0.9,0,0,0,19.7394,269,1196,19.7394
1036,0,52,10,0.925,0,0,0,19.9064,268,1248,19.9064
1037,0,52,10,0.95,0,0,0,19.4722,256,1196,19.4722
1038,0,52,10,0.975,0,0,0,19.2551,235,1144,19.2551
1039,0,52,10,1,0,0,0,19.1549,245,1144,19.1549
1040,1,54,10,0.025,81,0,27,177.172,11029,30322,177.172
1041,1,54,10,0.05,70,0,25,152.8,9062,24408,152.8
1042,1,54,10,0.075,56,0,27,125.205,6164,16578,125.205
1043,1,54,10,0.1,54,0,25,118.992,5496,14526,118.992
1044,1,54,10,0.125,48,0,26,106.8,4193,11610,106.8
1045,1,54,10,0.15,46,0,26,104.479,3987,10638,104.479
1046,1,54,10,0.175,41,0,25,92.8219,3183,8856,92.8219
1047,1,54,10,0.2,43,0,24,98.0325,3105,8424,98.0325
1048,1,54,10,0.225,38,0,25,86.6426,2706,7506,86.6426
1049,1,54,10,0.25,41,0,28,93.5233,2560,6912,93.5233
1050,1,54,10,0.275,40,0,27,90.6007,2318,6372,90.6007
1051,1,54,10,0.3,36,0,25,82.601,2157,6156,82.601
1052,1,54,10,0.325,36,0,24,82.0165,2121,5778,82.0165
1053,1,54,10,0.35,37,0,25,84.2711,1933,5454,84.2711
1054,1,54,10,0.375,41,0,27,93.9575,1826,5076,93.9575
1055,1,54,10,0.4,41,0,27,92.4545,1872,5130,92.4545
1056,1,54,10,0.425,36,0,26,82.2002,1918,5022,82.2002
1057,1,54,10,0.45,36,0,27,81.3819,1681,4698,81.3819
1058,1,54,10,0.475,35,0,26,78.9937,1665,4590,78.9937
1059,1,54,10,0.5,36,0,26,80.3965,1573,4536,80.3965
1060,1,54,10,0.525,37,0,27,83.6031,1506,4212,83.6031
1061,1,54,10,0.55,37,0,27,82.9684,1420,4158,82.9684
1062,0,54,10,0.575,0,0,0,71.7121,1335,3834,71.7121
1063,0,54,10,0.6,0,0,0,71.7288,1368,3780,71.7288
1064,1,54,10,0.625,35,0,27,80.5802,1301,3780,80.5802
1065,0,54,10,0.65,0,0,0,79.8287,1290,3672,79.8287
1066,0,54,10,0.675,0,0,0,27.6055,368,1566,27.6055
1067,0,54,10,0.7,0,0,0,27.6556,327,1458,27.6556
1068,0,54,10,0.725,0,0,0,25.902,328,1458,25.902
1069,0,54,10,0.75,0,0,0,25.902,326,1404,25.902
1070,0,54,10,0.775,0,0,0,23.8979,315,1350,23.8979
1071,0,54,10,0.8,0,0,0,23.8979,317,1350,23.8979
1072,0,54,10,0.825,0,0,0,23.3134,324,1350,23.3134
1073,0,54,10,0.85,0,0,0,23.9647,314,1350,23.9647
1074,0,54,10,0.875,0,0,0,20.9252,300,1296,20.9252
1075,0,54,10,0.9,0,0,0,19.7895,275,1242,19.7895
1076,0,54,10,0.925,0,0,0,19.9732,273,1296,19.9732
1077,0,54,10,0.95,0,0,0,19.4221,261,1242,19.4221
1078,0,54,10,0.975,0,0,0,19.2551,241,1188,19.2551
1079,0,54,10,1,0,0,0,19.1549,251,1188,19.1549
1080,1,56,10,0.025,84,0,27,185.067,12167,32558,185.067
1081,1,56,10,0.05,74,0,26,164.067,10084,26180,164.067
1082,1,56,10,0.075,62,0,27,138.043,6613,17808,138.043
1083,1,56,10,0.1,55,0,26,121.313,5607,15064,121.313
1084,1,56,10,0.125,49,0,27,108.571,4320,12096,108.571
1085,1,56,10,0.15,46,0,26,104.178,3979,11032,104.178
1086,1,56,10,0.175,43,0,26,97.8154,3363,9352,97.8154
1087,1,56,10,0.2,42,0,26,93.54,3202,8792,93.54
1088,1,56,10,0.225,40,0,24,89.3648,2684,7672,89.3648
1089,1,56,10,0.25,41,0,28,93.707,2706,7168,93.707
1090,1,56,10,0.275,39,0,28,88.6968,2483,6608,88.6968
1091,1,56,10,0.3,36,0,25,82.2837,2389,6608,82.2837
1092,1,56,10,0.325,37,0,23,84.6886,2118,5880,84.6886
1093,1,56,10,0.35,37,0,25,84.4214,2048,5712,84.4214
1094,1,56,10,0.375,41,0,28,92.3543,1995,5432,92.3543
1095,1,56,10,0.4,40,0,26,90.9848,1848,5264,90.9848
1096,1,56,10,0.425,38,0,27,85.4234,1889,5208,85.4234
1097,1,56,10,0.45,36,0,26,81.3986,1711,4816,81.3986
1098,1,56,10,0.475,36,0,27,81.3819,1669,4760,81.3819
1099,1,56,10,0.5,38,0,26,84.8222,1751,4592,84.8222
1100,0,56,10,0.525,0,0,0,71.1777,1506,4088,71.1777
1101,0,56,10,0.55,0,0,0,48.1307,817,2688,48.1307
1102,0,56,10,0.575,0,0,0,72.0629,1409,3976,72.0629
1103,0,56,10,0.6,0,0,0,70.1757,1347,3808,70.1757
1104,0,56,10,0.625,0,0,0,72.5305,1264,3640,72.5305
1105,0,56,10,0.65,0,0,0,72.5472,1263,3640,72.5472
1106,0,56,10,0.675,0,0,0,71.7455,1243,3696,71.7455
1107,0,56,10,0.7,0,0,0,72.1464,1239,3584,72.1464
1108,0,56,10,0.725,0,0,0,74.8519,1149,3472,74.8519
1109,0,56,10,0.75,0,0,0,74.6515,1142,3360,74.6515
1110,0,56,10,0.775,0,0,0,73.7663,1177,3360,73.7663
1111,0,56,10,0.8,0,0,0,73.9667,1164,3360,73.9667
1112,0,56,10,0.825,0,0,0,23.3134,341,1400,23.3134
1113,0,56,10,0.85,0,0,0,23.8979,327,1400,23.8979
1114,0,56,10,0.875,0,0,0,20.9252,314,1344,20.9252
1115,0,56,10,0.9,0,0,0,19.7394,286,1288,19.7394
1116,0,56,10,0.925,0,0,0,19.9064,284,1344,19.9064
1117,0,56,10,0.95,0,0,0,19.4722,273,1288,19.4722
1118,0,56,10,0.975,0,0,0,19.2551,251,1232,19.2551
1119,0,56,10,1,0,0,0,19.1549,261,1232,19.1549
1120,1,58,10,0.025,82,0,27,182.013,12857,34162,182.013
1121,1,58,10,0.05,68,0,26,150.379,9342,25510,150.379
1122,1,58,10,0.075,57,0,27,126.925,6769,17980,126.925
1123,1,58,10,0.1,54,0,25,119.743,5944,15602,119.743
1124,1,58,10,0.125,47,0,26,105.064,4752,12470,105.064
1125,1,58,10,0.15,44,0,26,98.8675,4228,11542,98.8675
1126,1,58,10,0.175,41,0,26,92.8386,3494,9570,92.8386
1127,1,58,10,0.2,43,0,25,98.0325,3448,9164,98.0325
1128,1,58,10,0.225,38,0,26,86.6426,2928,8120,86.6426
1129,1,58,10,0.25,42,0,28,95.4272,2831,7424,95.4272
1130,1,58,10,0.275,39,0,28,89.2646,2581,6844,89.2646
1131,1,58,10,0.3,36,0,25,82.5342,2485,6844,82.5342
1132,1,58,10,0.325,36,0,24,82.4173,2306,6264,82.4173
1133,1,58,10,0.35,37,0,25,84.9892,2124,5916,84.9892
1134,1,58,10,0.375,41,0,28,92.8386,2004,5568,92.8386
1135,1,58,10,0.4,41,0,27,91.5025,2022,5568,91.5025
1136,1,58,10,0.425,38,0,27,85.9913,1972,5394,85.9913
1137,1,58,10,0.45,36,0,26,81.5823,1786,4988,81.5823
1138,1,58,10,0.475,36,0,25,81.6825,1767,4872,81.6825
1139,1,58,10,0.5,37,0,25,83.0853,1667,4814,83.0853
1140,1,58,10,0.525,37,0,27,83.1521,1602,4524,83.1521
1141,0,58,10,0.55,0,0,0,75.3362,1464,4176,75.3362
1142,0,58,10,0.575,0,0,0,71.829,1482,4176,71.829
1143,0,58,10,0.6,0,0,0,71.7288,1408,4002,71.7288
1144,0,58,10,0.625,0,0,0,74.5513,1347,3886,74.5513
1145,0,58,10,0.65,0,0,0,74.9855,1353,3886,74.9855
1146,0,58,10,0.675,0,0,0,27.7057,404,1682,27.7057
1147,0,58,10,0.7,0,0,0,27.6556,358,1566,27.6556
1148,0,58,10,0.725,0,0,0,25.902,357,1566,25.902
1149,0,58,10,0.75,0,0,0,25.902,358,1508,25.902
1150,0,58,10,0.775,0,0,0,23.8979,348,1450,23.8979
1151,0,58,10,0.8,0,0,0,23.8979,350,1450,23.8979
1152,0,58,10,0.825,0,0,0,23.3134,357,1450,23.3134
1153,0,58,10,0.85,0,0,0,23.9647,344,1450,23.9647
1154,0,58,10,0.875,0,0,0,20.9252,329,1392,20.9252
1155,0,58,10,0.9,0,0,0,19.7895,302,1334,19.7895
1156,0,58,10,0.925,0,0,0,20.0233,301,1392,20.0233
1157,0,58,10,0.95,0,0,0,19.4722,287,1334,19.4722
1158,0,58,10,0.975,0,0,0,19.2551,264,1276,19.2551
1159,0,58,10,1,0,0,0,19.1549,273,1276,19.1549
1160,1,60,10,0.025,84,0,25,187.571,13919,37262,187.571
1161,1,60,10,0.05,72,0,25,162.081,10770,28982,162.081
1162,1,60,10,0.075,55,0,25,124.837,7399,19468,124.837
1163,1,60,10,0.1,55,0,26,123.134,6432,17112,123.134
1164,1,60,10,0.125,46,0,25,102.609,4815,13144,102.609
1165,1,60,10,0.15,43,0,25,97.8655,4309,12276,97.8655
1166,1,60,10,0.175,41,0,25,94.3416,3823,10478,94.3416
1167,1,60,10,0.2,43,0,25,97.9323,3569,9734,97.9323
1168,1,60,10,0.225,39,0,23,88.8638,2970,8556,88.8638
1169,1,60,10,0.25,38,0,26,87.4275,3067,8184,87.4275
1170,1,60,10,0.275,40,0,27,91.6027,2733,7316,91.6027
1171,1,60,10,0.3,39,0,25,89.0141,2604,7316,89.0141
1172,1,60,10,0.325,35,0,24,80.9142,2329,6572,80.9142
1173,1,60,10,0.35,38,0,24,87.177,2215,6262,87.177
1174,1,60,10,0.375,39,0,26,90.0162,2096,5952,90.0162
1175,1,60,10,0.4,39,0,27,88.5465,2069,5952,88.5465
1176,1,60,10,0.425,39,0,27,87.962,1965,5704,87.962
1177,1,60,10,0.45,40,0,26,91.4524,1899,5332,91.4524
1178,1,60,10,0.475,35,0,24,80.3965,1846,5146,80.3965
1179,1,60,10,0.5,35,0,26,79.3945,1919,5084,79.3945
1180,0,60,10,0.525,0,0,0,71.495,1590,4588,71.495
1181,0,60,10,0.55,0,0,0,47.7633,905,3038,47.7633
1182,0,60,10,0.575,0,0,0,72.1464,1523,4402,72.1464
1183,0,60,10,0.6,0,0,0,71.9459,1480,4278,71.9459
1184,0,60,10,0.625,0,0,0,70.7936,1404,4154,70.7936
1185,0,60,10,0.65,0,0,0,26.3696,403,1736,26.3696
1186,0,60,10,0.675,0,0,0,75.403,1354,4030,75.403
1187,0,60,10,0.7,0,0,0,75.6869,1384,4030,75.6869
1188,0,60,10,0.725,0,0,0,28.5407,372,1612,28.5407
1189,0,60,10,0.75,0,0,0,23.8311,354,1612,23.8311
1190,0,60,10,0.775,0,0,0,26.0189,374,1612,26.0189
1191,0,60,10,0.8,0,0,0,23.8478,357,1550,23.8478
1192,0,60,10,0.825,0,0,0,24.0148,368,1550,24.0148
1193,0,60,10,0.85,0,0,0,24.0148,366,1550,24.0148
1194,0,60,10,0.875,0,0,0,24.0816,343,1488,24.0816
1195,0,60,10,0.9,0,0,0,24.0816,344,1488,24.0816
1196,0,60,10,0.925,0,0,0,17.084,182,930,17.084
1197,0,60,10,0.95,0,0,0,19.3887,314,1426,19.3887
1198,0,60,10,0.975,0,0,0,20.5077,389,1426,20.5077
1199,0,60,10,1,0,0,0,19.4555,322,1426,19.4555
1200,1,62,10,0.025,84,0,25,187.571,14450,38464,187.571
1201,1,62,10,0.05,72,0,25,162.081,11184,29916,162.081
1202,1,62,10,0.075,55,0,25,124.837,7678,20096,124.837
1203,1,62,10,0.1,55,0,26,123.134,6679,17664,123.134
1204,1,62,10,0.125,46,0,25,102.609,5002,13568,102.609
1205,1,62,10,0.15,43,0,25,97.8655,4473,12672,97.8655
1206,1,62,10,0.175,41,0,25,94.3416,3970,10816,94.3416
1207,1,62,10,0.2,43,0,25,97.9323,3714,10048,97.9323
1208,1,62,10,0.225,39,0,23,88.8638,3086,8832,88.8638
1209,1,62,10,0.25,38,0,26,87.4275,3187,8448,87.4275
1210,1,62,10,0.275,40,0,27,91.6027,2843,7552,91.6027
1211,1,62,10,0.3,39,0,25,89.0141,2708,7552,89.0141
1212,1,62,10,0.325,35,0,24,80.9142,2419,6784,80.9142
1213,1,62,10,0.35,38,0,24,87.177,2302,6464,87.177
1214,1,62,10,0.375,39,0,26,90.0162,2177,6144,90.0162
1215,1,62,10,0.4,39,0,27,88.5465,2147,6144,88.5465
1216,1,62,10,0.425,39,0,27,87.962,2042,5888,87.962
1217,1,62,10,0.45,40,0,26,91.4524,1972,5504,91.4524
1218,1,62,10,0.475,35,0,24,80.3965,1924,5312,80.3965
1219,1,62,10,0.5,35,0,26,79.3945,1999,5248,79.3945
1220,0,62,10,0.525,0,0,0,71.495,1661,4736,71.495
1221,0,62,10,0.55,0,0,0,47.7633,949,3136,47.7633
1222,0,62,10,0.575,0,0,0,72.1464,1586,4544,72.1464
1223,0,62,10,0.6,0,0,0,71.9459,1540,4416,71.9459
1224,0,62,10,0.625,0,0,0,70.7936,1462,4288,70.7936
1225,0,62,10,0.65,0,0,0,26.3696,421,1792,26.3696
1226,0,62,10,0.675,0,0,0,75.403,1407,4160,75.403
1227,0,62,10,0.7,0,0,0,75.6869,1439,4160,75.6869
1228,0,62,10,0.725,0,0,0,28.5407,387,1664,28.5407
1229,0,62,10,0.75,0,0,0,23.8311,367,1664,23.8311
1230,0,62,10,0.775,0,0,0,26.0189,389,1664,26.0189
1231,0,62,10,0.8,0,0,0,23.8478,370,1600,23.8478
1232,0,62,10,0.825,0,0,0,24.0148,381,1600,24.0148
1233,0,62,10,0.85,0,0,0,24.0148,379,1600,24.0148
1234,0,62,10,0.875,0,0,0,24.0816,355,1536,24.0816
1235,0,62,10,0.9,0,0,0,24.0816,356,1536,24.0816
1236,0,62,10,0.925,0,0,0,17.084,187,960,17.084
1237,0,62,10,0.95,0,0,0,19.3887,326,1472,19.3887
1238,0,62,10,0.975,0,0,0,20.5077,403,1472,20.5077
1239,0,62,10,1,0,0,0,19.4555,333,1472,19.4555
1240,1,64,10,0.025,84,0,25,186.803,14492,38464,186.803
1241,1,64,10,0.05,72,0,25,161.413,11218,29922,161.413
1242,1,64,10,0.075,55,0,25,124.386,7708,20096,124.386
1243,1,64,10,0.1,55,0,26,122.649,6699,17664,122.649
1244,1,64,10,0.125,46,0,25,102.291,5018,13568,102.291
1245,1,64,10,0.15,43,0,25,97.5148,4488,12672,97.5148
1246,1,64,10,0.175,41,0,25,94.0076,3982,10816,94.0076
1247,1,64,10,0.2,43,0,25,97.615,3717,10048,97.615
1248,1,64,10,0.225,39,0,23,88.5298,3094,8832,88.5298
1249,1,64,10,0.25,38,0,26,87.1603,3187,8448,87.1603
1250,1,64,10,0.275,40,0,27,91.2854,2837,7552,91.2854
1251,1,64,10,0.3,39,0,25,88.6968,2709,7552,88.6968
1252,1,64,10,0.325,35,0,24,80.6971,2423,6784,80.6971
1253,1,64,10,0.35,38,0,24,86.8764,2302,6464,86.8764
1254,1,64,10,0.375,39,0,26,89.7155,2179,6144,89.7155
1255,1,64,10,0.4,39,0,27,88.2626,2154,6144,88.2626
1256,1,64,10,0.425,39,0,27,87.6613,2043,5888,87.6613
1257,1,64,10,0.45,40,0,26,91.1017,1975,5504,91.1017
1258,1,64,10,0.475,35,0,24,80.0959,1922,5312,80.0959
1259,1,64,10,0.5,35,0,26,79.144,1997,5248,79.144
1260,0,64,10,0.525,0,0,0,71.328,1649,4736,71.328
1261,0,64,10,0.55,0,0,0,47.5963,937,3136,47.5963
1262,0,64,10,0.575,0,0,0,71.9459,1579,4544,71.9459
1263,0,64,10,0.6,0,0,0,71.7121,1539,4416,71.7121
1264,0,64,10,0.625,0,0,0,70.5765,1459,4288,70.5765
1265,0,64,10,0.65,0,0,0,26.2527,421,1792,26.2527
1266,0,64,10,0.675,0,0,0,75.1692,1410,4160,75.1692
1267,0,64,10,0.7,0,0,0,75.4364,1439,4160,75.4364
1268,0,64,10,0.725,0,0,0,28.3737,390,1664,28.3737
1269,0,64,10,0.75,0,0,0,23.7142,373,1664,23.7142
1270,0,64,10,0.775,0,0,0,25.902,392,1664,25.902
1271,0,64,10,0.8,0,0,0,23.7309,375,1600,23.7309
1272,0,64,10,0.825,0,0,0,23.8979,386,1600,23.8979
1273,0,64,10,0.85,0,0,0,23.8979,384,1600,23.8979
1274,0,64,10,0.875,0,0,0,23.9647,360,1536,23.9647
1275,0,64,10,0.9,0,0,0,23.9647,360,1536,23.9647
1276,0,64,10,0.925,0,0,0,16.9671,193,960,16.9671
1277,0,64,10,0.95,0,0,0,19.3052,330,1472,19.3052
1278,0,64,10,0.975,0,0,0,20.3908,408,1472,20.3908
1279,0,64,10,1,0,0,0,19.372,338,1472,19.372
1280,1,66,10,0.025,84,0,25,186.803,14953,39666,186.803
1281,1,66,10,0.05,72,0,25,161.413,11570,30856,161.413
1282,1,66,10,0.075,55,0,25,124.386,7945,20724,124.386
1283,1,66,10,0.1,55,0,26,122.649,6907,18216,122.649
1284,1,66,10,0.125,46,0,25,102.291,5172,13992,102.291
1285,1,66,10,0.15,43,0,25,97.5148,4628,13068,97.5148
1286,1,66,10,0.175,41,0,25,94.0076,4098,11154,94.0076
1287,1,66,10,0.2,43,0,25,97.615,3830,10362,97.615
1288,1,66,10,0.225,39,0,23,88.5298,3188,9108,88.5298
1289,1,66,10,0.25,38,0,26,87.1603,3290,8712,87.1603
1290,1,66,10,0.275,40,0,27,91.2854,2931,7788,91.2854
1291,1,66,10,0.3,39,0,25,88.6968,2792,7788,88.6968
1292,1,66,10,0.325,35,0,24,80.6971,2497,6996,80.6971
1293,1,66,10,0.35,38,0,24,86.8764,2380,6666,86.8764
1294,1,66,10,0.375,39,0,26,89.7155,2250,6336,89.7155
1295,1,66,10,0.4,39,0,27,88.2626,2224,6336,88.2626
1296,1,66,10,0.425,39,0,27,87.6613,2105,6072,87.6613
1297,1,66,10,0.45,40,0,26,91.1017,2036,5676,91.1017
1298,1,66,10,0.475,35,0,24,80.0959,1976,5478,80.0959
1299,1,66,10,0.5,35,0,26,79.144,2060,5412,79.144
1300,0,66,10,0.525,0,0,0,71.328,1706,4884,71.328
1301,0,66,10,0.55,0,0,0,47.5963,974,3234,47.5963
1302,0,66,10,0.575,0,0,0,71.9459,1636,4686,71.9459
1303,0,66,10,0.6,0,0,0,71.7121,1590,4554,71.7121
1304,0,66,10,0.625,0,0,0,70.5765,1507,4422,70.5765
1305,0,66,10,0.65,0,0,0,26.2527,439,1848,26.2527
1306,0,66,10,0.675,0,0,0,75.1692,1451,4290,75.1692
1307,0,66,10,0.7,0,0,0,75.4364,1482,4290,75.4364
1308,0,66,10,0.725,0,0,0,28.3737,402,1716,28.3737
1309,0,66,10,0.75,0,0,0,23.7142,381,1716,23.7142
1310,0,66,10,0.775,0,0,0,25.902,403,1716,25.902
1311,0,66,10,0.8,0,0,0,23.7309,386,1650,23.7309
1312,0,66,10,0.825,0,0,0,23.8979,399,1650,23.8979
1313,0,66,10,0.85,0,0,0,23.8979,395,1650,23.8979
1314,0,66,10,0.875,0,0,0,23.9647,370,1584,23.9647
1315,0,66,10,0.9,0,0,0,23.9647,371,1584,23.9647
1316,0,66,10,0.925,0,0,0,16.9671,197,990,16.9671
1317,0,66,10,0.95,0,0,0,19.3052,337,1518,19.3052
1318,0,66,10,0.975,0,0,0,20.3908,418,1518,20.3908
1319,0,66,10,1,0,0,0,19.372,349,1518,19.372
1320,1,68,10,0.025,84,0,25,187.571,15871,42070,187.571
1321,1,68,10,0.05,72,0,25,162.081,12283,32720,162.081
1322,1,68,10,0.075,55,0,25,124.837,8437,21980,124.837
1323,1,68,10,0.1,55,0,26,123.134,7333,19320,123.134
1324,1,68,10,0.125,46,0,25,102.609,5490,14840,102.609
1325,1,68,10,0.15,43,0,25,97.8655,4915,13860,97.8655
1326,1,68,10,0.175,41,0,25,94.3416,4362,11830,94.3416
1327,1,68,10,0.2,43,0,25,97.9323,4075,10990,97.9323
1328,1,68,10,0.225,39,0,23,88.8638,3382,9660,88.8638
1329,1,68,10,0.25,38,0,26,87.4275,3494,9240,87.4275
1330,1,68,10,0.275,40,0,27,91.6027,3114,8260,91.6027
1331,1,68,10,0.3,39,0,25,89.0141,2975,8260,89.0141
1332,1,68,10,0.325,35,0,24,80.9142,2663,7420,80.9142
1333,1,68,10,0.35,38,0,24,87.177,2528,7070,87.177
1334,1,68,10,0.375,39,0,26,90.0162,2387,6720,90.0162
1335,1,68,10,0.4,39,0,27,88.5465,2359,6720,88.5465
1336,1,68,10,0.425,39,0,27,87.962,2239,6440,87.962
1337,1,68,10,0.45,40,0,26,91.4524,2164,6020,91.4524
1338,1,68,10,0.475,35,0,24,80.3965,2106,5810,80.3965
1339,1,68,10,0.5,35,0,26,79.3945,2191,5740,79.3945
1340,0,68,10,0.525,0,0,0,71.495,1813,5180,71.495
1341,0,68,10,0.55,0,0,0,47.7633,1036,3430,47.7633
1342,0,68,10,0.575,0,0,0,72.1464,1734,4970,72.1464
1343,0,68,10,0.6,0,0,0,71.9459,1687,4830,71.9459
1344,0,68,10,0.625,0,0,0,70.7936,1602,4690,70.7936
1345,0,68,10,0.65,0,0,0,26.3696,461,1960,26.3696
1346,0,68,10,0.675,0,0,0,75.403,1542,4550,75.403
1347,0,68,10,0.7,0,0,0,75.6869,1576,4550,75.6869
1348,0,68,10,0.725,0,0,0,28.5407,426,1820,28.5407
1349,0,68,10,0.75,0,0,0,23.8311,408,1820,23.8311
1350,0,68,10,0.775,0,0,0,26.0189,430,1820,26.0189
1351,0,68,10,0.8,0,0,0,23.8478,410,1750,23.8478
1352,0,68,10,0.825,0,0,0,24.0148,422,1750,24.0148
1353,0,68,10,0.85,0,0,0,24.0148,420,1750,24.0148
1354,0,68,10,0.875,0,0,0,24.0816,396,1680,24.0816
1355,0,68,10,0.9,0,0,0,24.0816,396,1680,24.0816
1356,0,68,10,0.925,0,0,0,17.084,209,1050,17.084
1357,0,68,10,0.95,0,0,0,19.3887,362,1610,19.3887
1358,0,68,10,0.975,0,0,0,20.5077,445,1610,20.5077
1359,0,68,10,1,0,0,0,19.4555,368,1610,19.4555
1360,1,70,10,0.025,84,0,25,187.571,16341,43272,187.571
1361,1,70,10,0.05,72,0,25,162.081,12648,33656,162.081
1362,1,70,10,0.075,55,0,25,124.837,8683,22608,124.837
1363,1,70,10,0.1,55,0,26,123.134,7549,19872,123.134
1364,1,70,10,0.125,46,0,25,102.609,5649,15264,102.609
1365,1,70,10,0.15,43,0,25,97.8655,5058,14256,97.8655
1366,1,70,10,0.175,41,0,25,94.3416,4481,12168,94.3416
1367,1,70,10,0.2,43,0,25,97.9323,4191,11304,97.9323
1368,1,70,10,0.225,39,0,23,88.8638,3487,9936,88.8638
1369,1,70,10,0.25,38,0,26,87.4275,3598,9504,87.4275
1370,1,70,10,0.275,40,0,27,91.6027,3201,8496,91.6027
1371,1,70,10,0.3,39,0,25,89.0141,3057,8496,89.0141
1372,1,70,10,0.325,35,0,24,80.9142,2733,7632,80.9142
1373,1,70,10,0.35,38,0,24,87.177,2599,7272,87.177
1374,1,70,10,0.375,39,0,26,90.0162,2459,6912,90.0162
1375,1,70,10,0.4,39,0,27,88.5465,2428,6912,88.5465
1376,1,70,10,0.425,39,0,27,87.962,2311,6624,87.962
1377,1,70,10,0.45,40,0,26,91.4524,2230,6192,91.4524
1378,1,70,10,0.475,35,0,24,80.3965,2170,5976,80.3965
1379,1,70,10,0.5,35,0,26,79.3945,2248,5904,79.3945
1380,0,70,10,0.525,0,0,0,71.495,1870,5328,71.495
1381,0,70,10,0.55,0,0,0,47.7633,1062,3528,47.7633
1382,0,70,10,0.575,0,0,0,72.1464,1785,5112,72.1464
1383,0,70,10,0.6,0,0,0,71.9459,1728,4968,71.9459
1384,0,70,10,0.625,0,0,0,70.7936,1642,4824,70.7936
1385,0,70,10,0.65,0,0,0,26.3696,470,2016,26.3696
1386,0,70,10,0.675,0,0,0,75.403,1587,4680,75.403
1387,0,70,10,0.7,0,0,0,75.6869,1619,4680,75.6869
1388,0,70,10,0.725,0,0,0,28.5407,436,1872,28.5407
1389,0,70,10,0.75,0,0,0,23.8311,412,1872,23.8311
1390,0,70,10,0.775,0,0,0,26.0189,438,1872,26.0189
1391,0,70,10,0.8,0,0,0,23.8478,417,1800,23.8478
1392,0,70,10,0.825,0,0,0,24.0148,431,1800,24.0148
1393,0,70,10,0.85,0,0,0,24.0148,429,1800,24.0148
1394,0,70,10,0.875,0,0,0,24.0816,400,1728,24.0816
1395,0,70,10,0.9,0,0,0,24.0816,402,1728,24.0816
1396,0,70,10,0.925,0,0,0,17.084,215,1080,17.084
1397,0,70,10,0.95,0,0,0,19.3887,368,1656,19.3887
1398,0,70,10,0.975,0,0,0,20.5077,459,1656,20.5077
1399,0,70,10,1,0,0,0,19.4555,381,1656,19.4555
1400,1,72,10,0.025,84,0,25,187.571,16808,44474,187.571
1401,1,72,10,0.05,72,0,25,162.081,13003,34590,162.081
1402,1,72,10,0.075,55,0,25,124.837,8929,23236,124.837
1403,1,72,10,0.1,55,0,26,123.134,7763,20424,123.134
1404,1,72,10,0.125,46,0,25,102.609,5809,15688,102.609
1405,1,72,10,0.15,43,0,25,97.8655,5203,14652,97.8655
1406,1,72,10,0.175,41,0,25,94.3416,4615,12506,94.3416
1407,1,72,10,0.2,43,0,25,97.9323,4313,11618,97.9323
1408,1,72,10,0.225,39,0,23,88.8638,3584,10212,88.8638
1409,1,72,10,0.25,38,0,26,87.4275,3700,9768,87.4275
1410,1,72,10,0.275,40,0,27,91.6027,3297,8732,91.6027
1411,1,72,10,0.3,39,0,25,89.0141,3146,8732,89.0141
1412,1,72,10,0.325,35,0,24,80.9142,2810,7844,80.9142
1413,1,72,10,0.35,38,0,24,87.177,2670,7474,87.177
1414,1,72,10,0.375,39,0,26,90.0162,2527,7104,90.0162
1415,1,72,10,0.4,39,0,27,88.5465,2493,7104,88.5465
1416,1,72,10,0.425,39,0,27,87.962,2358,6808,87.962
1417,1,72,10,0.45,40,0,26,91.4524,2282,6364,91.4524
1418,1,72,10,0.475,35,0,24,80.3965,2230,6142,80.3965
1419,1,72,10,0.5,35,0,26,79.3945,2318,6068,79.3945
1420,0,72,10,0.525,0,0,0,71.495,1914,5476,71.495
1421,0,72,10,0.55,0,0,0,47.7633,1097,3626,47.7633
1422,0,72,10,0.575,0,0,0,72.1464,1836,5254,72.1464
1423,0,72,10,0.6,0,0,0,71.9459,1789,5106,71.9459
1424,0,72,10,0.625,0,0,0,70.7936,1695,4958,70.7936
1425,0,72,10,0.65,0,0,0,26.3696,493,2072,26.3696
1426,0,72,10,0.675,0,0,0,75.403,1634,4810,75.403
1427,0,72,10,0.7,0,0,0,75.6869,1667,4810,75.6869
1428,0,72,10,0.725,0,0,0,28.5407,453,1924,28.5407
1429,0,72,10,0.75,0,0,0,23.8311,430,1924,23.8311
1430,0,72,10,0.775,0,0,0,26.0189,454,1924,26.0189
1431,0,72,10,0.8,0,0,0,23.8478,434,1850,23.8478
1432,0,72,10,0.825,0,0,0,24.0148,447,1850,24.0148
1433,0,72,10,0.85,0,0,0,24.0148,443,1850,24.0148
1434,0,72,10,0.875,0,0,0,24.0816,417,1776,24.0816
1435,0,72,10,0.9,0,0,0,24.0816,418,1776,24.0816
1436,0,72,10,0.925,0,0,0,17.084,222,1110,17.084
1437,0,72,10,0.95,0,0,0,19.3887,381,1702,19.3887
1438,0,72,10,0.975,0,0,0,20.5077,472,1702,20.5077
1439,0,72,10,1,0,0,0,19.4555,394,1702,19.4555
1440,1,74,10,0.025,84,0,25,186.803,16681,44474,186.803
1441,1,74,10,0.05,72,0,25,161.413,12905,34596,161.413
1442,1,74,10,0.075,55,0,25,124.386,8868,23236,124.386
1443,1,74,10,0.1,55,0,26,122.649,7705,20424,122.649
1444,1,74,10,0.125,46,0,25,102.291,5765,15688,102.291
1445,1,74,10,0.15,43,0,25,97.5148,5159,14652,97.5148
1446,1,74,10,0.175,41,0,25,94.0076,4584,12506,94.0076
1447,1,74,10,0.2,43,0,25,97.615,4268,11618,97.615
1448,1,74,10,0.225,39,0,23,88.5298,3551,10212,88.5298
1449,1,74,10,0.25,38,0,26,87.1603,3674,9768,87.1603
1450,1,74,10,0.275,40,0,27,91.2854,3264,8732,91.2854
1451,1,74,10,0.3,39,0,25,88.6968,3107,8732,88.6968
1452,1,74,10,0.325,35,0,24,80.6971,2778,7844,80.6971
1453,1,74,10,0.35,38,0,24,86.8764,2646,7474,86.8764
1454,1,74,10,0.375,39,0,26,89.7155,2502,7104,89.7155
1455,1,74,10,0.4,39,0,27,88.2626,2468,7104,88.2626
1456,1,74,10,0.425,39,0,27,87.6613,2342,6808,87.6613
1457,1,74,10,0.45,40,0,26,91.1017,2267,6364,91.1017
1458,1,74,10,0.475,35,0,24,80.0959,2192,6142,80.0959
1459,1,74,10,0.5,35,0,26,79.144,2281,6068,79.144
1460,0,74,10,0.525,0,0,0,71.328,1895,5476,71.328
1461,0,74,10,0.55,0,0,0,47.5963,1076,3626,47.5963
1462,0,74,10,0.575,0,0,0,71.9459,1816,5254,71.9459
1463,0,74,10,0.6,0,0,0,71.7121,1765,5106,71.7121
1464,0,74,10,0.625,0,0,0,70.5765,1676,4958,70.5765
1465,0,74,10,0.65,0,0,0,26.2527,477,2072,26.2527
1466,0,74,10,0.675,0,0,0,75.1692,1618,4810,75.1692
1467,0,74,10,0.7,0,0,0,75.4364,1650,4810,75.4364
1468,0,74,10,0.725,0,0,0,28.3737,441,1924,28.3737
1469,0,74,10,0.75,0,0,0,23.7142,423,1924,23.7142
1470,0,74,10,0.775,0,0,0,25.902,445,1924,25.902
1471,0,74,10,0.8,0,0,0,23.7309,424,1850,23.7309
1472,0,74,10,0.825,0,0,0,23.8979,439,1850,23.8979
1473,0,74,10,0.85,0,0,0,23.8979,437,1850,23.8979
1474,0,74,10,0.875,0,0,0,23.9647,410,1776,23.9647
1475,0,74,10,0.9,0,0,0,23.9647,411,1776,23.9647
1476,0,74,10,0.925,0,0,0,16.9671,217,1110,16.9671
1477,0,74,10,0.95,0,0,0,19.3052,372,1702,19.3052
1478,0,74,10,0.975,0,0,0,20.3908,458,1702,20.3908
1479,0,74,10,1,0,0,0,19.372,380,1702,19.372
1480,1,76,10,0.025,84,0,25,186.803,17178,45676,186.803
1481,1,76,10,0.05,72,0,25,161.413,13302,35532,161.413
1482,1,76,10,0.075,55,0,25,124.386,9138,23864,124.386
1483,1,76,10,0.1,55,0,26,122.649,7937,20976,122.649
1484,1,76,10,0.125,46,0,25,102.291,5934,16112,102.291
1485,1,76,10,0.15,43,0,25,97.5148,5311,15048,97.5148
1486,1,76,10,0.175,41,0,25,94.0076,4710,12844,94.0076
1487,1,76,10,0.2,43,0,25,97.615,4398,11932,97.615
1488,1,76,10,0.225,39,0,23,88.5298,3655,10488,88.5298
1489,1,76,10,0.25,38,0,26,87.1603,3773,10032,87.1603
1490,1,76,10,0.275,40,0,27,91.2854,3354,8968,91.2854
1491,1,76,10,0.3,39,0,25,88.6968,3210,8968,88.6968
1492,1,76,10,0.325,35,0,24,80.6971,2872,8056,80.6971
1493,1,76,10,0.35,38,0,24,86.8764,2726,7676,86.8764
1494,1,76,10,0.375,39,0,26,89.7155,2568,7296,89.7155
1495,1,76,10,0.4,39,0,27,88.2626,2545,7296,88.2626
1496,1,76,10,0.425,39,0,27,87.6613,2413,6992,87.6613
1497,1,76,10,0.45,40,0,26,91.1017,2333,6536,91.1017
1498,1,76,10,0.475,35,0,24,80.0959,2257,6308,80.0959
1499,1,76,10,0.5,35,0,26,79.144,2352,6232,79.144
1500,0,76,10,0.525,0,0,0,71.328,1940,5624,71.328
1501,0,76,10,0.55,0,0,0,47.5963,1105,3724,47.5963
1502,0,76,10,0.575,0,0,0,71.9459,1861,5396,71.9459
1503,0,76,10,0.6,0,0,0,71.7121,1817,5244,71.7121
1504,0,76,10,0.625,0,0,0,70.5765,1720,5092,70.5765
1505,0,76,10,0.65,0,0,0,26.2527,495,2128,26.2527
1506,0,76,10,0.675,0,0,0,75.1692,1659,4940,75.1692
1507,0,76,10,0.7,0,0,0,75.4364,1694,4940,75.4364
1508,0,76,10,0.725,0,0,0,28.3737,459,1976,28.3737
1509,0,76,10,0.75,0,0,0,23.7142,438,1976,23.7142
1510,0,76,10,0.775,0,0,0,25.902,461,1976,25.902
1511,0,76,10,0.8,0,0,0,23.7309,442,1900,23.7309
1512,0,76,10,0.825,0,0,0,23.8979,455,1900,23.8979
1513,0,76,10,0.85,0,0,0,23.8979,453,1900,23.8979
1514,0,76,10,0.875,0,0,0,23.9647,424,1824,23.9647
1515,0,76,10,0.9,0,0,0,23.9647,424,1824,23.9647
1516,0,76,10,0.925,0,0,0,16.9671,226,1140,16.9671
1517,0,76,10,0.95,0,0,0,19.3052,386,1748,19.3052
1518,0,76,10,0.975,0,0,0,20.3908,477,1748,20.3908
1519,0,76,10,1,0,0,0,19.372,394,1748,19.372
1520,1,78,10,0.025,84,0,25,186.803,17629,46878,186.803
1521,1,78,10,0.05,72,0,25,161.413,13630,36466,161.413
1522,1,78,10,0.075,55,0,25,124.386,9363,24492,124.386
1523,1,78,10,0.1,55,0,26,122.649,8136,21528,122.649
1524,1,78,10,0.125,46,0,25,102.291,6095,16536,102.291
1525,1,78,10,0.15,43,0,25,97.5148,5444,15444,97.5148
1526,1,78,10,0.175,41,0,25,94.0076,4829,13182,94.0076
1527,1,78,10,0.2,43,0,25,97.615,4512,12246,97.615
1528,1,78,10,0.225,39,0,23,88.5298,3753,10764,88.5298
1529,1,78,10,0.25,38,0,26,87.1603,3871,10296,87.1603
1530,1,78,10,0.275,40,0,27,91.2854,3447,9204,91.2854
1531,1,78,10,0.3,39,0,25,88.6968,3286,9204,88.6968
1532,1,78,10,0.325,35,0,24,80.6971,2934,8268,80.6971
1533,1,78,10,0.35,38,0,24,86.8764,2794,7878,86.8764
1534,1,78,10,0.375,39,0,26,89.7155,2645,7488,89.7155
1535,1,78,10,0.4,39,0,27,88.2626,2613,7488,88.2626
1536,1,78,10,0.425,39,0,27,87.6613,2472,7176,87.6613
1537,1,78,10,0.45,40,0,26,91.1017,2390,6708,91.1017
1538,1,78,10,0.475,35,0,24,80.0959,2315,6474,80.0959
1539,1,78,10,0.5,35,0,26,79.144,2409,6396,79.144
1540,0,78,10,0.525,0,0,0,71.328,1996,5772,71.328
1541,0,78,10,0.55,0,0,0,47.5963,1132,3822,47.5963
1542,0,78,10,0.575,0,0,0,71.9459,1913,5538,71.9459
1543,0,78,10,0.6,0,0,0,71.7121,1868,5382,71.7121
1544,0,78,10,0.625,0,0,0,70.5765,1761,5226,70.5765
1545,0,78,10,0.65,0,0,0,26.2527,510,2184,26.2527
1546,0,78,10,0.675,0,0,0,75.1692,1696,5070,75.1692
1547,0,78,10,0.7,0,0,0,75.4364,1734,5070,75.4364
1548,0,78,10,0.725,0,0,0,28.3737,469,2028,28.3737
1549,0,78,10,0.75,0,0,0,23.7142,447,2028,23.7142
1550,0,78,10,0.775,0,0,0,25.902,471,2028,25.902
1551,0,78,10,0.8,0,0,0,23.7309,452,1950,23.7309
1552,0,78,10,0.825,0,0,0,23.8979,468,1950,23.8979
1553,0,78,10,0.85,0,0,0,23.8979,462,1950,23.8979
1554,0,78,10,0.875,0,0,0,23.9647,433,1872,23.9647
1555,0,78,10,0.9,0,0,0,23.9647,434,1872,23.9647
1556,0,78,10,0.925,0,0,0,16.9671,231,1170,16.9671
1557,0,78,10,0.95,0,0,0,19.3052,393,1794,19.3052
1558,0,78,10,0.975,0,0,0,20.3908,490,1794,20.3908
1559,0,78,10,1,0,0,0,19.372,407,1794,19.372
1560,1,80,10,0.025,84,0,25,186.803,17950,48080,186.803
1561,1,80,10,0.05,72,0,25,161.413,13892,37402,161.413
1562,1,80,10,0.075,55,0,25,124.386,9542,25120,124.386
1563,1,80,10,0.1,55,0,26,122.649,8291,22080,122.649
1564,1,80,10,0.125,46,0,25,102.291,6209,16960,102.291
1565,1,80,10,0.15,43,0,25,97.5148,5553,15840,97.5148
1566,1,80,10,0.175,41,0,25,94.0076,4924,13520,94.0076
1567,1,80,10,0.2,43,0,25,97.615,4599,12560,97.615
1568,1,80,10,0.225,39,0,23,88.5298,3830,11040,88.5298
1569,1,80,10,0.25,38,0,26,87.1603,3943,10560,87.1603
1570,1,80,10,0.275,40,0,27,91.2854,3500,9440,91.2854
1571,1,80,10,0.3,39,0,25,88.6968,3340,9440,88.6968
1572,1,80,10,0.325,35,0,24,80.6971,2987,8480,80.6971
1573,1,80,10,0.35,38,0,24,86.8764,2843,8080,86.8764
1574,1,80,10,0.375,39,0,26,89.7155,2696,7680,89.7155
1575,1,80,10,0.4,39,0,27,88.2626,2666,7680,88.2626
1576,1,80,10,0.425,39,0,27,87.6613,2531,7360,87.6613
1577,1,80,10,0.45,40,0,26,91.1017,2440,6880,91.1017
1578,1,80,10,0.475,35,0,24,80.0959,2367,6640,80.0959
1579,1,80,10,0.5,35,0,26,79.144,2453,6560,79.144
1580,0,80,10,0.525,0,0,0,71.328,2032,5920,71.328
1581,0,80,10,0.55,0,0,0,47.5963,1153,3920,47.5963
1582,0,80,10,0.575,0,0,0,71.9459,1943,5680,71.9459
1583,0,80,10,0.6,0,0,0,71.7121,1888,5520,71.7121
1584,0,80,10,0.625,0,0,0,70.5765,1793,5360,70.5765
1585,0,80,10,0.65,0,0,0,26.2527,515,2240,26.2527
1586,0,80,10,0.675,0,0,0,75.1692,1738,5200,75.1692
1587,0,80,10,0.7,0,0,0,75.4364,1773,5200,75.4364
1588,0,80,10,0.725,0,0,0,28.3737,480,2080,28.3737
1589,0,80,10,0.75,0,0,0,23.7142,457,2080,23.7142
1590,0,80,10,0.775,0,0,0,25.902,482,2080,25.902
1591,0,80,10,0.8,0,0,0,23.7309,460,2000,23.7309
1592,0,80,10,0.825,0,0,0,23.8979,474,2000,23.8979
1593,0,80,10,0.85,0,0,0,23.8979,472,2000,23.8979
1594,0,80,10,0.875,0,0,0,23.9647,440,1920,23.9647
1595,0,80,10,0.9,0,0,0,23.9647,442,1920,23.9647
1596,0,80,10,0.925,0,0,0,16.9671,236,1200,16.9671
1597,0,80,10,0.95,0,0,0,19.3052,403,1840,19.3052
1598,0,80,10,0.975,0,0,0,20.3908,502,1840,20.3908
1599,0,80,10,1,0,0,0,19.372,415,1840,19.372
1600,1,82,10,0.025,84,0,25,186.803,18466,49282,186.803
1601,1,82,10,0.05,72,0,25,161.413,14285,38336,161.413
1602,1,82,10,0.075,55,0,25,124.386,9822,25748,124.386
1603,1,82,10,0.1,55,0,26,122.649,8543,22632,122.649
1604,1,82,10,0.125,46,0,25,102.291,6389,17384,102.291
1605,1,82,10,0.15,43,0,25,97.5148,5717,16236,97.5148
1606,1,82,10,0.175,41,0,25,94.0076,5070,13858,94.0076
1607,1,82,10,0.2,43,0,25,97.615,4726,12874,97.615
1608,1,82,10,0.225,39,0,23,88.5298,3932,11316,88.5298
1609,1,82,10,0.25,38,0,26,87.1603,4065,10824,87.1603
1610,1,82,10,0.275,40,0,27,91.2854,3618,9676,91.2854
1611,1,82,10,0.3,39,0,25,88.6968,3443,9676,88.6968
1612,1,82,10,0.325,35,0,24,80.6971,3072,8692,80.6971
1613,1,82,10,0.35,38,0,24,86.8764,2917,8282,86.8764
1614,1,82,10,0.375,39,0,26,89.7155,2771,7872,89.7155
1615,1,82,10,0.4,39,0,27,88.2626,2738,7872,88.2626
1616,1,82,10,0.425,39,0,27,87.6613,2601,7544,87.6613
1617,1,82,10,0.45,40,0,26,91.1017,2514,7052,91.1017
1618,1,82,10,0.475,35,0,24,80.0959,2435,6806,80.0959
1619,1,82,10,0.5,35,0,26,79.144,2534,6724,79.144
1620,0,82,10,0.525,0,0,0,71.328,2097,6068,71.328
1621,0,82,10,0.55,0,0,0,47.5963,1188,4018,47.5963
1622,0,82,10,0.575,0,0,0,71.9459,2010,5822,71.9459
1623,0,82,10,0.6,0,0,0,71.7121,1954,5658,71.7121
1624,0,82,10,0.625,0,0,0,70.5765,1850,5494,70.5765
1625,0,82,10,0.65,0,0,0,26.2527,526,2296,26.2527
1626,0,82,10,0.675,0,0,0,75.1692,1788,5330,75.1692
1627,0,82,10,0.7,0,0,0,75.4364,1826,5330,75.4364
1628,0,82,10,0.725,0,0,0,28.3737,489,2132,28.3737
1629,0,82,10,0.75,0,0,0,23.7142,467,2132,23.7142
1630,0,82,10,0.775,0,0,0,25.902,492,2132,25.902
1631,0,82,10,0.8,0,0,0,23.7309,471,2050,23.7309
1632,0,82,10,0.825,0,0,0,23.8979,484,2050,23.8979
1633,0,82,10,0.85,0,0,0,23.8979,480,2050,23.8979
1634,0,82,10,0.875,0,0,0,23.9647,448,1968,23.9647
1635,0,82,10,0.9,0,0,0,23.9647,449,1968,23.9647
1636,0,82,10,0.925,0,0,0,16.9671,240,1230,16.9671
1637,0,82,10,0.95,0,0,0,19.3052,408,1886,19.3052
1638,0,82,10,0.975,0,0,0,20.3908,512,1886,20.3908
1639,0,82,10,1,0,0,0,19.372,423,1886,19.372
1640,1,84,10,0.025,84,0,25,187.571,19503,51686,187.571
1641,1,84,10,0.05,72,0,25,162.081,15088,40200,162.081
1642,1,84,10,0.075,55,0,25,124.837,10356,27004,124.837
1643,1,84,10,0.1,55,0,26,123.134,9007,23736,123.134
1644,1,84,10,0.125,46,0,25,102.609,6739,18232,102.609
1645,1,84,10,0.15,43,0,25,97.8655,6036,17028,97.8655
1646,1,84,10,0.175,41,0,25,94.3416,5351,14534,94.3416
1647,1,84,10,0.2,43,0,25,97.9323,4990,13502,97.9323
1648,1,84,10,0.225,39,0,23,88.8638,4145,11868,88.8638
1649,1,84,10,0.25,38,0,26,87.4275,4286,11352,87.4275
1650,1,84,10,0.275,40,0,27,91.6027,3813,10148,91.6027
1651,1,84,10,0.3,39,0,25,89.0141,3644,10148,89.0141
1652,1,84,10,0.325,35,0,24,80.9142,3256,9116,80.9142
1653,1,84,10,0.35,38,0,24,87.177,3087,8686,87.177
1654,1,84,10,0.375,39,0,26,90.0162,2926,8256,90.0162
1655,1,84,10,0.4,39,0,27,88.5465,2884,8256,88.5465
1656,1,84,10,0.425,39,0,27,87.962,2735,7912,87.962
1657,1,84,10,0.45,40,0,26,91.4524,2644,7396,91.4524
1658,1,84,10,0.475,35,0,24,80.3965,2574,7138,80.3965
1659,1,84,10,0.5,35,0,26,79.3945,2675,7052,79.3945
1660,0,84,10,0.525,0,0,0,71.495,2215,6364,71.495
1661,0,84,10,0.55,0,0,0,47.7633,1268,4214,47.7633
1662,0,84,10,0.575,0,0,0,72.1464,2124,6106,72.1464
1663,0,84,10,0.6,0,0,0,71.9459,2064,5934,71.9459
1664,0,84,10,0.625,0,0,0,70.7936,1958,5762,70.7936
1665,0,84,10,0.65,0,0,0,26.3696,566,2408,26.3696
1666,0,84,10,0.675,0,0,0,75.403,1889,5590,75.403
1667,0,84,10,0.7,0,0,0,75.6869,1928,5590,75.6869
1668,0,84,10,0.725,0,0,0,28.5407,522,2236,28.5407
1669,0,84,10,0.75,0,0,0,23.8311,497,2236,23.8311
1670,0,84,10,0.775,0,0,0,26.0189,526,2236,26.0189
1671,0,84,10,0.8,0,0,0,23.8478,501,2150,23.8478
1672,0,84,10,0.825,0,0,0,24.0148,514,2150,24.0148
1673,0,84,10,0.85,0,0,0,24.0148,510,2150,24.0148
1674,0,84,10,0.875,0,0,0,24.0816,481,2064,24.0816
1675,0,84,10,0.9,0,0,0,24.0816,482,2064,24.0816
1676,0,84,10,0.925,0,0,0,17.084,255,1290,17.084
1677,0,84,10,0.95,0,0,0,19.3887,439,1978,19.3887
1678,0,84,10,0.975,0,0,0,20.5077,545,1978,20.5077
1679,0,84,10,1,0,0,0,19.4555,453,1978,19.4555
1680,1,86,10,0.025,84,0,25,187.571,19956,52888,187.571
1681,1,86,10,0.05,72,0,25,162.081,15435,41136,162.081
1682,1,86,10,0.075,55,0,25,124.837,10598,27632,124.837
1683,1,86,10,0.1,55,0,26,123.134,9217,24288,123.134
1684,1,86,10,0.125,46,0,25,102.609,6897,18656,102.609
1685,1,86,10,0.15,43,0,25,97.8655,6169,17424,97.8655
1686,1,86,10,0.175,41,0,25,94.3416,5468,14872,94.3416
1687,1,86,10,0.2,43,0,25,97.9323,5101,13816,97.9323
1688,1,86,10,0.225,39,0,23,88.8638,4242,12144,88.8638
1689,1,86,10,0.25,38,0,26,87.4275,4381,11616,87.4275
1690,1,86,10,0.275,40,0,27,91.6027,3900,10384,91.6027
1691,1,86,10,0.3,39,0,25,89.0141,3723,10384,89.0141
1692,1,86,10,0.325,35,0,24,80.9142,3327,9328,80.9142
1693,1,86,10,0.35,38,0,24,87.177,3164,8888,87.177
1694,1,86,10,0.375,39,0,26,90.0162,2988,8448,90.0162
1695,1,86,10,0.4,39,0,27,88.5465,2957,8448,88.5465
1696,1,86,10,0.425,39,0,27,87.962,2806,8096,87.962
1697,1,86,10,0.45,40,0,26,91.4524,2708,7568,91.4524
1698,1,86,10,0.475,35,0,24,80.3965,2617,7304,80.3965
1699,1,86,10,0.5,35,0,26,79.3945,2729,7216,79.3945
1700,0,86,10,0.525,0,0,0,71.495,2263,6512,71.495
1701,0,86,10,0.55,0,0,0,47.7633,1290,4312,47.7633
1702,0,86,10,0.575,0,0,0,72.1464,2171,6248,72.1464
1703,0,86,10,0.6,0,0,0,71.9459,2116,6072,71.9459
1704,0,86,10,0.625,0,0,0,70.7936,2007,5896,70.7936
1705,0,86,10,0.65,0,0,0,26.3696,578,2464,26.3696
1706,0,86,10,0.675,0,0,0,75.403,1930,5720,75.403
1707,0,86,10,0.7,0,0,0,75.6869,1967,5720,75.6869
1708,0,86,10,0.725,0,0,0,28.5407,534,2288,28.5407
1709,0,86,10,0.75,0,0,0,23.8311,508,2288,23.8311
1710,0,86,10,0.775,0,0,0,26.0189,536,2288,26.0189
1711,0,86,10,0.8,0,0,0,23.8478,513,2200,23.8478
1712,0,86,10,0.825,0,0,0,24.0148,527,2200,24.0148
1713,0,86,10,0.85,0,0,0,24.0148,522,2200,24.0148
1714,0,86,10,0.875,0,0,0,24.0816,490,2112,24.0816
1715,0,86,10,0.9,0,0,0,24.0816,491,2112,24.0816
1716,0,86,10,0.925,0,0,0,17.084,260,1320,17.084
1717,0,86,10,0.95,0,0,0,19.3887,448,2024,19.3887
1718,0,86,10,0.975,0,0,0,20.5077,554,2024,20.5077
1719,0,86,10,1,0,0,0,19.4555,462,2024,19.4555
1720,1,88,10,0.025,84,0,25,186.803,19812,52888,186.803
1721,1,88,10,0.05,72,0,25,161.413,15341,41142,161.413
1722,1,88,10,0.075,55,0,25,124.386,10529,27632,124.386
1723,1,88,10,0.1,55,0,26,122.649,9147,24288,122.649
1724,1,88,10,0.125,46,0,25,102.291,6852,18656,102.291
1725,1,88,10,0.15,43,0,25,97.5148,6130,17424,97.5148
1726,1,88,10,0.175,41,0,25,94.0076,5445,14872,94.0076
1727,1,88,10,0.2,43,0,25,97.615,5070,13816,97.615
1728,1,88,10,0.225,39,0,23,88.5298,4222,12144,88.5298
1729,1,88,10,0.25,38,0,26,87.1603,4354,11616,87.1603
1730,1,88,10,0.275,40,0,27,91.2854,3870,10384,91.2854
1731,1,88,10,0.3,39,0,25,88.6968,3693,10384,88.6968
1732,1,88,10,0.325,35,0,24,80.6971,3294,9328,80.6971
1733,1,88,10,0.35,38,0,24,86.8764,3132,8888,86.8764
1734,1,88,10,0.375,39,0,26,89.7155,2972,8448,89.7155
1735,1,88,10,0.4,39,0,27,88.2626,2933,8448,88.2626
1736,1,88,10,0.425,39,0,27,87.6613,2784,8096,87.6613
1737,1,88,10,0.45,40,0,26,91.1017,2685,7568,91.1017
1738,1,88,10,0.475,35,0,24,80.0959,2611,7304,80.0959
1739,1,88,10,0.5,35,0,26,79.144,2710,7216,79.144
1740,0,88,10,0.525,0,0,0,71.328,2247,6512,71.328
1741,0,88,10,0.55,0,0,0,47.5963,1277,4312,47.5963
1742,0,88,10,0.575,0,0,0,71.9459,2158,6248,71.9459
1743,0,88,10,0.6,0,0,0,71.7121,2093,6072,71.7121
1744,0,88,10,0.625,0,0,0,70.5765,1987,5896,70.5765
1745,0,88,10,0.65,0,0,0,26.2527,570,2464,26.2527
1746,0,88,10,0.675,0,0,0,75.1692,1923,5720,75.1692
1747,0,88,10,0.7,0,0,0,75.4364,1956,5720,75.4364
1748,0,88,10,0.725,0,0,0,28.3737,529,2288,28.3737
1749,0,88,10,0.75,0,0,0,23.7142,507,2288,23.7142
1750,0,88,10,0.775,0,0,0,25.902,533,2288,25.902
1751,0,88,10,0.8,0,0,0,23.7309,508,2200,23.7309
1752,0,88,10,0.825,0,0,0,23.8979,524,2200,23.8979
1753,0,88,10,0.85,0,0,0,23.8979,523,2200,23.8979
1754,0,88,10,0.875,0,0,0,23.9647,487,2112,23.9647
1755,0,88,10,0.9,0,0,0,23.9647,488,2112,23.9647
1756,0,88,10,0.925,0,0,0,16.9671,260,1320,16.9671
1757,0,88,10,0.95,0,0,0,19.3052,445,2024,19.3052
1758,0,88,10,0.975,0,0,0,20.3908,553,2024,20.3908
1759,0,88,10,1,0,0,0,19.372,458,2024,19.372
1760,1,90,10,0.025,84,0,25,186.803,20227,54090,186.803
1761,1,90,10,0.05,72,0,25,161.413,15654,42078,161.413
1762,1,90,10,0.075,55,0,25,124.386,10741,28260,124.386
1763,1,90,10,0.1,55,0,26,122.649,9342,24840,122.649
1764,1,90,10,0.125,46,0,25,102.291,6978,19080,102.291
1765,1,90,10,0.15,43,0,25,97.5148,6249,17820,97.5148
1766,1,90,10,0.175,41,0,25,94.0076,5523,15210,94.0076
1767,1,90,10,0.2,43,0,25,97.615,5168,14130,97.615
1768,1,90,10,0.225,39,0,23,88.5298,4302,12420,88.5298
1769,1,90,10,0.25,38,0,26,87.1603,4438,11880,87.1603
1770,1,90,10,0.275,40,0,27,91.2854,3945,10620,91.2854
1771,1,90,10,0.3,39,0,25,88.6968,3756,10620,88.6968
1772,1,90,10,0.325,35,0,24,80.6971,3361,9540,80.6971
1773,1,90,10,0.35,38,0,24,86.8764,3204,9090,86.8764
1774,1,90,10,0.375,39,0,26,89.7155,3021,8640,89.7155
1775,1,90,10,0.4,39,0,27,88.2626,2991,8640,88.2626
1776,1,90,10,0.425,39,0,27,87.6613,2836,8280,87.6613
1777,1,90,10,0.45,40,0,26,91.1017,2744,7740,91.1017
1778,1,90,10,0.475,35,0,24,80.0959,2655,7470,80.0959
1779,1,90,10,0.5,35,0,26,79.144,2762,7380,79.144
1780,0,90,10,0.525,0,0,0,71.328,2293,6660,71.328
1781,0,90,10,0.55,0,0,0,47.5963,1301,4410,47.5963
1782,0,90,10,0.575,0,0,0,71.9459,2186,6390,71.9459
1783,0,90,10,0.6,0,0,0,71.7121,2127,6210,71.7121
1784,0,90,10,0.625,0,0,0,70.5765,2014,6030,70.5765
1785,0,90,10,0.65,0,0,0,26.2527,581,2520,26.2527
1786,0,90,10,0.675,0,0,0,75.1692,1947,5850,75.1692
1787,0,90,10,0.7,0,0,0,75.4364,1991,5850,75.4364
1788,0,90,10,0.725,0,0,0,28.3737,537,2340,28.3737
1789,0,90,10,0.75,0,0,0,23.7142,509,2340,23.7142
1790,0,90,10,0.775,0,0,0,25.902,539,2340,25.902
1791,0,90,10,0.8,0,0,0,23.7309,516,2250,23.7309
1792,0,90,10,0.825,0,0,0,23.8979,537,2250,23.8979
1793,0,90,10,0.85,0,0,0,23.8979,533,2250,23.8979
1794,0,90,10,0.875,0,0,0,23.9647,495,2160,23.9647
1795,0,90,10,0.9,0,0,0,23.9647,495,2160,23.9647
1796,0,90,10,0.925,0,0,0,16.9671,264,1350,16.9671
1797,0,90,10,0.95,0,0,0,19.3052,452,2070,19.3052
1798,0,90,10,0.975,0,0,0,20.3908,562,2070,20.3908
1799,0,90,10,1,0,0,0,19.372,468,2070,19.372
1800,1,92,10,0.025,84,0,25,186.803,20767,55292,186.803
1801,1,92,10,0.05,72,0,25,161.413,16062,43012,161.413
1802,1,92,10,0.075,55,0,25,124.386,11032,28888,124.386
1803,1,92,10,0.1,55,0,26,122.649,9597,25392,122.649
1804,1,92,10,0.125,46,0,25,102.291,7170,19504,102.291
1805,1,92,10,0.15,43,0,25,97.5148,6419,18216,97.5148
1806,1,92,10,0.175,41,0,25,94.0076,5681,15548,94.0076
1807,1,92,10,0.2,43,0,25,97.615,5308,14444,97.615
1808,1,92,10,0.225,39,0,23,88.5298,4413,12696,88.5298
1809,1,92,10,0.25,38,0,26,87.1603,4557,12144,87.1603
1810,1,92,10,0.275,40,0,27,91.2854,4051,10856,91.2854
1811,1,92,10,0.3,39,0,25,88.6968,3865,10856,88.6968
1812,1,92,10,0.325,35,0,24,80.6971,3459,9752,80.6971
1813,1,92,10,0.35,38,0,24,86.8764,3281,9292,86.8764
1814,1,92,10,0.375,39,0,26,89.7155,3105,8832,89.7155
1815,1,92,10,0.4,39,0,27,88.2626,3069,8832,88.2626
1816,1,92,10,0.425,39,0,27,87.6613,2911,8464,87.6613
1817,1,92,10,0.45,40,0,26,91.1017,2818,7912,91.1017
1818,1,92,10,0.475,35,0,24,80.0959,2720,7636,80.0959
1819,1,92,10,0.5,35,0,26,79.144,2839,7544,79.144
1820,0,92,10,0.525,0,0,0,71.328,2340,6808,71.328
1821,0,92,10,0.55,0,0,0,47.5963,1330,4508,47.5963
1822,0,92,10,0.575,0,0,0,71.9459,2239,6532,71.9459
1823,0,92,10,0.6,0,0,0,71.7121,2187,6348,71.7121
1824,0,92,10,0.625,0,0,0,70.5765,2068,6164,70.5765
1825,0,92,10,0.65,0,0,0,26.2527,600,2576,26.2527
1826,0,92,10,0.675,0,0,0,75.1692,1996,5980,75.1692
1827,0,92,10,0.7,0,0,0,75.4364,2040,5980,75.4364
1828,0,92,10,0.725,0,0,0,28.3737,554,2392,28.3737
1829,0,92,10,0.75,0,0,0,23.7142,526,2392,23.7142
1830,0,92,10,0.775,0,0,0,25.902,555,2392,25.902
1831,0,92,10,0.8,0,0,0,23.7309,533,2300,23.7309
1832,0,92,10,0.825,0,0,0,23.8979,549,2300,23.8979
1833,0,92,10,0.85,0,0,0,23.8979,543,2300,23.8979
1834,0,92,10,0.875,0,0,0,23.9647,510,2208,23.9647
1835,0,92,10,0.9,0,0,0,23.9647,509,2208,23.9647
1836,0,92,10,0.925,0,0,0,16.9671,271,1380,16.9671
1837,0,92,10,0.95,0,0,0,19.3052,463,2116,19.3052
1838,0,92,10,0.975,0,0,0,20.3908,576,2116,20.3908
1839,0,92,10,1,0,0,0,19.372,478,2116,19.372
1840,1,94,10,0.025,84,0,25,186.803,21165,56494,186.803
1841,1,94,10,0.05,72,0,25,161.413,16387,43948,161.413
1842,1,94,10,0.075,55,0,25,124.386,11251,29516,124.386
1843,1,94,10,0.1,55,0,26,122.649,9775,25944,122.649
1844,1,94,10,0.125,46,0,25,102.291,7315,19928,102.291
1845,1,94,10,0.15,43,0,25,97.5148,6543,18612,97.5148
1846,1,94,10,0.175,41,0,25,94.0076,5802,15886,94.0076
1847,1,94,10,0.2,43,0,25,97.615,5418,14758,97.615
1848,1,94,10,0.225,39,0,23,88.5298,4508,12972,88.5298
1849,1,94,10,0.25,38,0,26,87.1603,4654,12408,87.1603
1850,1,94,10,0.275,40,0,27,91.2854,4143,11092,91.2854
1851,1,94,10,0.3,39,0,25,88.6968,3943,11092,88.6968
1852,1,94,10,0.325,35,0,24,80.6971,3523,9964,80.6971
1853,1,94,10,0.35,38,0,24,86.8764,3353,9494,86.8764
1854,1,94,10,0.375,39,0,26,89.7155,3175,9024,89.7155
1855,1,94,10,0.4,39,0,27,88.2626,3131,9024,88.2626
1856,1,94,10,0.425,39,0,27,87.6613,2972,8648,87.6613
1857,1,94,10,0.45,40,0,26,91.1017,2872,8084,91.1017
1858,1,94,10,0.475,35,0,24,80.0959,2791,7802,80.0959
1859,1,94,10,0.5,35,0,26,79.144,2903,7708,79.144
1860,0,94,10,0.525,0,0,0,71.328,2401,6956,71.328
1861,0,94,10,0.55,0,0,0,47.5963,1368,4606,47.5963
1862,0,94,10,0.575,0,0,0,71.9459,2295,6674,71.9459
1863,0,94,10,0.6,0,0,0,71.7121,2228,6486,71.7121
1864,0,94,10,0.625,0,0,0,70.5765,2113,6298,70.5765
1865,0,94,10,0.65,0,0,0,26.2527,611,2632,26.2527
1866,0,94,10,0.675,0,0,0,75.1692,2042,6110,75.1692
1867,0,94,10,0.7,0,0,0,75.4364,2086,6110,75.4364
1868,0,94,10,0.725,0,0,0,28.3737,563,2444,28.3737
1869,0,94,10,0.75,0,0,0,23.7142,538,2444,23.7142
1870,0,94,10,0.775,0,0,0,25.902,568,2444,25.902
1871,0,94,10,0.8,0,0,0,23.7309,542,2350,23.7309
1872,0,94,10,0.825,0,0,0,23.8979,560,2350,23.8979
1873,0,94,10,0.85,0,0,0,23.8979,558,2350,23.8979
1874,0,94,10,0.875,0,0,0,23.9647,524,2256,23.9647
1875,0,94,10,0.9,0,0,0,23.9647,524,2256,23.9647
1876,0,94,10,0.925,0,0,0,16.9671,277,1410,16.9671
1877,0,94,10,0.95,0,0,0,19.3052,474,2162,19.3052
1878,0,94,10,0.975,0,0,0,20.3908,585,2162,20.3908
1879,0,94,10,1,0,0,0,19.372,483,2162,19.372
1880,1,96,10,0.025,84,0,25,187.571,22130,58898,187.571
1881,1,96,10,0.05,72,0,25,162.081,17120,45810,162.081
1882,1,96,10,0.075,55,0,25,124.837,11754,30772,124.837
1883,1,96,10,0.1,55,0,26,123.134,10214,27048,123.134
1884,1,96,10,0.125,46,0,25,102.609,7646,20776,102.609
1885,1,96,10,0.15,43,0,25,97.8655,6834,19404,97.8655
1886,1,96,10,0.175,41,0,25,94.3416,6066,16562,94.3416
1887,1,96,10,0.2,43,0,25,97.9323,5671,15386,97.9323
1888,1,96,10,0.225,39,0,23,88.8638,4706,13524,88.8638
1889,1,96,10,0.25,38,0,26,87.4275,4865,12936,87.4275
1890,1,96,10,0.275,40,0,27,91.6027,4329,11564,91.6027
1891,1,96,10,0.3,39,0,25,89.0141,4127,11564,89.0141
1892,1,96,10,0.325,35,0,24,80.9142,3682,10388,80.9142
1893,1,96,10,0.35,38,0,24,87.177,3507,9898,87.177
1894,1,96,10,0.375,39,0,26,90.0162,3318,9408,90.0162
1895,1,96,10,0.4,39,0,27,88.5465,3272,9408,88.5465
1896,1,96,10,0.425,39,0,27,87.962,3097,9016,87.962
1897,1,96,10,0.45,40,0,26,91.4524,3002,8428,91.4524
1898,1,96,10,0.475,35,0,24,80.3965,2916,8134,80.3965
1899,1,96,10,0.5,35,0,26,79.3945,3034,8036,79.3945
1900,0,96,10,0.525,0,0,0,71.495,2509,7252,71.495
1901,0,96,10,0.55,0,0,0,47.7633,1430,4802,47.7633
1902,0,96,10,0.575,0,0,0,72.1464,2403,6958,72.1464
1903,0,96,10,0.6,0,0,0,71.9459,2342,6762,71.9459
1904,0,96,10,0.625,0,0,0,70.7936,2213,6566,70.7936
1905,0,96,10,0.65,0,0,0,26.3696,639,2744,26.3696
1906,0,96,10,0.675,0,0,0,75.403,2136,6370,75.403
1907,0,96,10,0.7,0,0,0,75.6869,2180,6370,75.6869
1908,0,96,10,0.725,0,0,0,28.5407,588,2548,28.5407
1909,0,96,10,0.75,0,0,0,23.8311,558,2548,23.8311
1910,0,96,10,0.775,0,0,0,26.0189,590,2548,26.0189
1911,0,96,10,0.8,0,0,0,23.8478,564,2450,23.8478
1912,0,96,10,0.825,0,0,0,24.0148,585,2450,24.0148
1913,0,96,10,0.85,0,0,0,24.0148,579,2450,24.0148
1914,0,96,10,0.875,0,0,0,24.0816,542,2352,24.0816
1915,0,96,10,0.9,0,0,0,24.0816,543,2352,24.0816
1916,0,96,10,0.925,0,0,0,17.084,289,1470,17.084
1917,0,96,10,0.95,0,0,0,19.3887,493,2254,19.3887
1918,0,96,10,0.975,0,0,0,20.5077,614,2254,20.5077
1919,0,96,10,1,0,0,0,19.4555,508,2254,19.4555
1920,1,98,10,0.025,84,0,25,187.571,22566,60100,187.571
1921,1,98,10,0.05,72,0,25,162.081,17465,46744,162.081
1922,1,98,10,0.075,55,0,25,124.837,11987,31400,124.837
1923,1,98,10,0.1,55,0,26,123.134,10412,27600,123.134
1924,1,98,10,0.125,46,0,25,102.609,7798,21200,102.609
1925,1,98,10,0.15,43,0,25,97.8655,6962,19800,97.8655
1926,1,98,10,0.175,41,0,25,94.3416,6178,16900,94.3416
1927,1,98,10,0.2,43,0,25,97.9323,5768,15700,97.9323
1928,1,98,10,0.225,39,0,23,88.8638,4802,13800,88.8638
1929,1,98,10,0.25,38,0,26,87.4275,4950,13200,87.4275
1930,1,98,10,0.275,40,0,27,91.6027,4412,11800,91.6027
1931,1,98,10,0.3,39,0,25,89.0141,4198,11800,89.0141
1932,1,98,10,0.325,35,0,24,80.9142,3753,10600,80.9142
1933,1,98,10,0.35,38,0,24,87.177,3579,10100,87.177
1934,1,98,10,0.375,39,0,26,90.0162,3375,9600,90.0162
1935,1,98,10,0.4,39,0,27,88.5465,3341,9600,88.5465
1936,1,98,10,0.425,39,0,27,87.962,3163,9200,87.962
1937,1,98,10,0.45,40,0,26,91.4524,3058,8600,91.4524
1938,1,98,10,0.475,35,0,24,80.3965,2970,8300,80.3965
1939,1,98,10,0.5,35,0,26,79.3945,3087,8200,79.3945
1940,0,98,10,0.525,0,0,0,71.495,2554,7400,71.495
1941,0,98,10,0.55,0,0,0,47.7633,1461,4900,47.7633
1942,0,98,10,0.575,0,0,0,72.1464,2448,7100,72.1464
1943,0,98,10,0.6,0,0,0,71.9459,2383,6900,71.9459
1944,0,98,10,0.625,0,0,0,70.7936,2262,6700,70.7936
1945,0,98,10,0.65,0,0,0,26.3696,655,2800,26.3696
1946,0,98,10,0.675,0,0,0,75.403,2176,6500,75.403
1947,0,98,10,0.7,0,0,0,75.6869,2219,6500,75.6869
1948,0,98,10,0.725,0,0,0,28.5407,604,2600,28.5407
1949,0,98,10,0.75,0,0,0,23.8311,576,2600,23.8311
1950,0,98,10,0.775,0,0,0,26.0189,606,2600,26.0189
1951,0,98,10,0.8,0,0,0,23.8478,580,2500,23.8478
1952,0,98,10,0.825,0,0,0,24.0148,600,2500,24.0148
1953,0,98,10,0.85,0,0,0,24.0148,597,2500,24.0148
1954,0,98,10,0.875,0,0,0,24.0816,557,2400,24.0816
1955,0,98,10,0.9,0,0,0,24.0816,559,2400,24.0816
1956,0,98,10,0.925,0,0,0,17.084,297,1500,17.084
1957,0,98,10,0.95,0,0,0,19.3887,510,2300,19.3887
1958,0,98,10,0.975,0,0,0,20.5077,625,2300,20.5077
1959,0,98,10,1,0,0,0,19.4555,516,2300,19.4555
1960,1,100,10,0.025,82,0,27,182.013,21574,57722,182.013
1961,1,100,10,0.05,68,0,26,150.379,15659,43102,150.379
1962,1,100,10,0.075,57,0,27,126.925,11346,30380,126.925
1963,1,100,10,0.1,54,0,25,119.743,9953,26362,119.743
1964,1,100,10,0.125,47,0,26,105.064,7957,21070,105.064
1965,1,100,10,0.15,44,0,26,98.8675,7070,19502,98.8675
1966,1,100,10,0.175,41,0,26,92.8386,5849,16170,92.8386
1967,1,100,10,0.2,43,0,25,98.0325,5770,15484,98.0325
1968,1,100,10,0.225,38,0,26,86.6426,4897,13720,86.6426
1969,1,100,10,0.25,42,0,28,95.4272,4730,12544,95.4272
1970,1,100,10,0.275,39,0,28,89.2646,4309,11564,89.2646
1971,1,100,10,0.3,36,0,25,82.5342,4158,11564,82.5342
1972,1,100,10,0.325,36,0,24,82.4173,3850,10584,82.4173
1973,1,100,10,0.35,37,0,25,84.9892,3549,9996,84.9892
1974,1,100,10,0.375,41,0,28,92.8386,3351,9408,92.8386
1975,1,100,10,0.4,41,0,27,91.5025,3382,9408,91.5025
1976,1,100,10,0.425,38,0,27,85.9913,3289,9114,85.9913
1977,1,100,10,0.45,36,0,26,81.5823,2976,8428,81.5823
1978,1,100,10,0.475,36,0,25,81.6825,2945,8232,81.6825
1979,1,100,10,0.5,37,0,25,83.0853,2777,8134,83.0853
1980,1,100,10,0.525,37,0,27,83.1521,2663,7644,83.1521
1981,0,100,10,0.55,0,0,0,75.3362,2440,7056,75.3362
1982,0,100,10,0.575,0,0,0,71.829,2470,7056,71.829
1983,0,100,10,0.6,0,0,0,71.7288,2349,6762,71.7288
1984,0,100,10,0.625,0,0,0,74.5513,2245,6566,74.5513
1985,0,100,10,0.65,0,0,0,74.9855,2253,6566,74.9855
1986,0,100,10,0.675,0,0,0,27.7057,677,2842,27.7057
1987,0,100,10,0.7,0,0,0,27.6556,598,2646,27.6556
1988,0,100,10,0.725,0,0,0,25.902,597,2646,25.902
1989,0,100,10,0.75,0,0,0,25.902,597,2548,25.902
1990,0,100,10,0.775,0,0,0,23.8979,583,2450,23.8979
1991,0,100,10,0.8,0,0,0,23.8979,586,2450,23.8979
1992,0,100,10,0.825,0,0,0,23.3134,597,2450,23.3134
1993,0,100,10,0.85,0,0,0,23.9647,575,2450,23.9647
1994,0,100,10,0.875,0,0,0,20.9252,552,2352,20.9252
1995,0,100,10,0.9,0,0,0,19.7895,504,2254,19.7895
1996,0,100,10,0.925,0,0,0,20.0233,501,2352,20.0233
1997,0,100,10,0.95,0,0,0,19.4722,479,2254,19.4722
1998,0,100,10,0.975,0,0,0,19.2551,442,2156,19.2551
1999,0,100,10,1,0,0,0,19.1549,457,2156,19.1549
