id,completed,decision jumps,jump value,run value,jump moves,moves,falls,jumps,time,totalTime
0,0,2,10,0.025,0,0,161,540,60.7397,1503.48
1,0,2,10,0.05,0,0,122,410,49.9177,1144.06
2,0,2,10,0.075,0,0,81,274,36.1229,773.794
3,0,2,10,0.1,0,0,74,240,32.9998,681.128
4,0,2,10,0.125,0,0,61,186,28.9415,536.736
5,0,2,10,0.15,0,0,56,174,27.1045,499.332
6,0,2,10,0.175,0,0,49,148,28.6576,431.024
7,0,2,10,0.2,0,0,43,136,26.8205,398.723
8,0,2,10,0.225,0,0,43,122,26.8205,357.557
9,0,2,10,0.25,0,0,41,116,26.8205,341.382
10,0,2,10,0.275,0,0,33,100,21.7936,296.711
11,0,2,10,0.3,0,0,33,98,21.7936,289.6
12,0,2,10,0.325,0,0,31,88,21.7936,263.008
13,0,2,10,0.35,0,0,30,84,21.7936,250.788
14,0,2,10,0.375,0,0,15,58,18.0359,175.218
15,0,2,10,0.4,0,0,15,58,18.0359,175.218
16,0,2,10,0.425,0,0,15,56,18.0359,172.965
17,0,2,10,0.45,0,0,15,54,18.0359,165.854
18,0,2,10,0.475,0,0,15,48,15.5476,149.478
19,0,2,10,0.5,0,0,13,46,15.5476,144.069
20,0,2,10,0.525,0,0,11,42,15.5476,128.494
21,0,2,10,0.55,0,0,11,42,15.5476,128.494
22,0,2,10,0.575,0,0,10,38,15.5476,120.679
23,0,2,10,0.6,0,0,10,38,15.5476,120.679
24,0,2,10,0.625,0,0,10,38,15.5476,120.679
25,0,2,10,0.65,0,0,10,38,15.5476,120.679
26,0,2,10,0.675,0,0,10,38,15.5476,120.679
27,0,2,10,0.7,0,0,10,36,15.5476,115.318
28,0,2,10,0.725,0,0,10,36,16.8001,114.115
29,0,2,10,0.75,0,0,10,36,16.8001,114.115
30,0,2,10,0.775,0,0,10,36,16.8001,114.115
31,0,2,10,0.8,0,0,10,36,16.8001,114.115
32,0,2,10,0.825,0,0,10,36,16.8001,114.115
33,0,2,10,0.85,0,0,10,36,16.8001,114.115
34,0,2,10,0.875,0,0,10,36,16.8001,114.115
35,0,2,10,0.9,0,0,10,36,16.8001,114.115
36,0,2,10,0.925,0,0,10,36,16.8001,114.115
37,0,2,10,0.95,0,0,11,34,17.1007,109.656
38,0,2,10,0.975,0,0,11,34,17.1007,109.656
39,0,2,10,1,0,0,7,28,16.75,88.5298
40,0,4,10,0.025,0,0,1002,2144,234.262,5467.79
41,0,4,10,0.05,0,0,768,1628,193.514,4169.9
42,0,4,10,0.075,0,0,534,1096,141.181,2843.91
43,0,4,10,0.1,0,0,462,960,126.641,2495.46
44,0,4,10,0.125,0,0,346,732,109.022,1903.37
45,0,4,10,0.15,0,0,341,692,103.444,1827.23
46,0,4,10,0.175,0,0,102,288,25.1672,684.155
47,0,4,10,0.2,0,0,255,528,97.5816,1409.58
48,0,4,10,0.225,0,0,85,236,27.5053,567.759
49,0,4,10,0.25,0,0,81,232,29.0584,556.437
50,0,4,10,0.275,0,0,73,204,22.8959,489.75
51,0,4,10,0.3,0,0,72,200,22.8959,475.644
52,0,4,10,0.325,0,0,63,176,20.6246,426.884
53,0,4,10,0.35,0,0,61,168,20.6246,405.517
54,0,4,10,0.375,0,0,59,160,20.6246,389.408
55,0,4,10,0.4,0,0,84,204,40.2646,510.917
56,0,4,10,0.425,0,0,78,184,40.131,467.749
57,0,4,10,0.45,0,0,79,184,40.3147,467.932
58,0,4,10,0.475,0,0,45,128,22.7957,317.561
59,0,4,10,0.5,0,0,45,132,23.1464,323.988
60,0,4,10,0.525,0,0,42,128,23.5973,312.052
61,0,4,10,0.55,0,0,40,124,23.5973,306.042
62,0,4,10,0.575,0,0,41,120,23.9313,301.118
63,0,4,10,0.6,0,0,42,116,23.5973,288.348
64,0,4,10,0.625,0,0,35,104,21.7602,258.3
65,0,4,10,0.65,0,0,35,104,21.7602,260.554
66,0,4,10,0.675,0,0,36,104,22.3948,260.554
67,0,4,10,0.7,0,0,57,144,34.3359,368.091
68,0,4,10,0.725,0,0,64,140,34.3359,366.421
69,0,4,10,0.75,0,0,57,136,34.3359,357.908
70,0,4,10,0.775,0,0,56,132,34.3359,346.139
71,0,4,10,0.8,0,0,56,132,34.3359,346.139
72,0,4,10,0.825,0,0,56,128,33.9017,335.806
73,0,4,10,0.85,0,0,54,124,33.9017,328.044
74,0,4,10,0.875,0,0,53,124,33.9017,328.044
75,0,4,10,0.9,0,0,53,124,33.9017,328.044
76,0,4,10,0.925,0,0,38,96,24.5659,253.225
77,0,4,10,0.95,0,0,41,96,24.8833,256.631
78,0,4,10,0.975,0,0,36,92,25.1338,245.196
79,0,4,10,1,0,0,36,92,25.1338,245.196
80,0,6,10,0.025,0,0,1443,3216,189.341,7810.92
81,0,6,10,0.05,0,0,1081,2424,149.878,5894.37
82,0,6,10,0.075,0,0,758,1644,116.053,4045.09
83,0,6,10,0.1,0,0,630,1446,102.141,3547.89
84,0,6,10,0.125,0,0,522,1128,86.6092,2787.98
85,0,6,10,0.15,0,0,464,1038,89.8658,2573.66
86,0,6,10,0.175,0,0,395,864,78.7766,2157.01
87,0,6,10,0.2,0,0,381,822,92.0703,2064.25
88,0,6,10,0.225,0,0,330,720,73.7997,1796.9
89,0,6,10,0.25,0,0,301,672,80.7973,1685.77
90,0,6,10,0.275,0,0,284,600,65.6498,1513.41
91,0,6,10,0.3,0,0,256,576,63.3284,1432.42
92,0,6,10,0.325,0,0,242,528,67.1027,1324.3
93,0,6,10,0.35,0,0,233,522,63.3284,1307.23
94,0,6,10,0.375,0,0,211,462,61.2241,1154.52
95,0,6,10,0.4,0,0,218,474,70.3093,1201.05
96,0,6,10,0.425,0,0,132,336,42.6194,795.585
97,0,6,10,0.45,0,0,120,312,46.5107,749.377
98,0,6,10,0.475,0,0,119,294,44.3897,708.622
99,0,6,10,0.5,0,0,123,282,40.0475,681.58
100,0,6,10,0.525,0,0,172,372,67.5871,977.621
101,0,6,10,0.55,0,0,139,330,51.6879,834.584
102,0,6,10,0.575,0,0,141,324,49.7841,814.332
103,0,6,10,0.6,0,0,131,318,49.0158,786.42
104,0,6,10,0.625,0,0,125,306,51.8884,751.852
105,0,6,10,0.65,0,0,120,300,51.8717,737.102
106,0,6,10,0.675,0,0,120,288,51.8717,710.077
107,0,6,10,0.7,0,0,124,288,51.855,720.027
108,0,6,10,0.725,0,0,113,276,51.9552,688.303
109,0,6,10,0.75,0,0,111,270,51.9385,677.416
110,0,6,10,0.775,0,0,45,138,21.5431,317.327
111,0,6,10,0.8,0,0,45,138,21.5431,317.327
112,0,6,10,0.825,0,0,44,138,21.3594,316.042
113,0,6,10,0.85,0,0,44,138,21.3594,316.042
114,0,6,10,0.875,0,0,45,144,21.5097,331.566
115,0,6,10,0.9,0,0,45,144,23.9814,335.389
116,0,6,10,0.925,0,0,48,144,24.9167,341.983
117,0,6,10,0.95,0,0,23,90,17.0673,205.082
118,0,6,10,0.975,0,0,24,90,17.0673,205.082
119,0,6,10,1,0,0,24,90,17.0673,205.082
120,1,8,10,0.025,26,97,1987,4800,194.182,11290.5
121,1,8,10,0.05,26,77,1511,3672,155.27,8681.5
122,1,8,10,0.075,26,62,1078,2512,129.246,6032.04
123,1,8,10,0.1,26,60,923,2184,123.251,5304.83
124,1,8,10,0.125,26,53,711,1704,108.788,4111.23
125,1,8,10,0.15,26,50,642,1560,104.646,3752.63
126,1,8,10,0.175,26,49,557,1360,102.208,3308.71
127,1,8,10,0.2,27,46,534,1248,93.874,3022.53
128,1,8,10,0.225,27,45,488,1128,94.2414,2805.85
129,1,8,10,0.25,26,44,467,1040,91.4023,2623.59
130,1,8,10,0.275,25,43,388,920,90.6842,2257.45
131,1,8,10,0.3,25,40,381,888,84.0206,2163.38
132,1,8,10,0.325,27,42,364,840,89.966,2061.61
133,1,8,10,0.35,26,38,324,784,80.7472,1911.55
134,0,8,10,0.375,0,0,190,464,51.237,1112.1
135,0,8,10,0.4,0,0,162,440,47.4627,1033.98
136,0,8,10,0.425,0,0,140,400,47.9303,919.724
137,0,8,10,0.45,0,0,86,272,26.3362,598.798
138,0,8,10,0.475,0,0,247,584,74.0836,1487.07
139,0,8,10,0.5,0,0,75,248,27.0042,546.068
140,0,8,10,0.525,0,0,65,224,27.0042,497.245
141,0,8,10,0.55,0,0,66,224,27.0042,497.245
142,0,8,10,0.575,0,0,46,176,21.2091,394.199
143,0,8,10,0.6,0,0,44,168,19.4221,380.677
144,0,8,10,0.625,0,0,45,168,15.1468,377.072
145,0,8,10,0.65,0,0,40,160,15.1468,356.489
146,0,8,10,0.675,0,0,205,480,69.9085,1257.16
147,0,8,10,0.7,0,0,57,200,17.7687,436.716
148,0,8,10,0.725,0,0,55,192,17.7687,420.641
149,0,8,10,0.75,0,0,20,104,11.0052,229.02
150,0,8,10,0.775,0,0,16,96,10.6044,206.635
151,0,8,10,0.8,0,0,13,96,11.2891,212.795
152,0,8,10,0.825,0,0,12,88,8.91774,191.461
153,0,8,10,0.85,0,0,12,88,8.91774,191.461
154,0,8,10,0.875,0,0,12,88,8.91774,191.461
155,0,8,10,0.9,0,0,12,88,8.91774,191.461
156,0,8,10,0.925,0,0,12,88,8.91774,191.461
157,0,8,10,0.95,0,0,12,88,8.91774,191.461
158,0,8,10,0.975,0,0,12,88,8.91774,191.461
159,0,8,10,1,0,0,26,104,16.7667,230.656
160,1,10,10,0.025,26,79,2338,5890,161.113,13584.4
161,1,10,10,0.05,26,67,1829,4560,136.307,10554
162,1,10,10,0.075,26,53,1281,3100,108.086,7274.32
163,1,10,10,0.1,26,52,1133,2760,107.201,6454.59
164,1,10,10,0.125,26,46,881,2168,94.3082,5129.87
165,1,10,10,0.15,26,44,802,1950,90.9848,4633.25
166,1,10,10,0.175,26,42,749,1740,88.9473,4207
167,1,10,10,0.2,26,41,673,1600,86.9766,3849.62
168,1,10,10,0.225,26,39,582,1390,81.3318,3357.4
169,1,10,10,0.25,27,40,543,1310,84.388,3160.72
170,1,10,10,0.275,26,37,494,1160,77.2568,2759.93
171,0,10,10,0.3,0,0,424,1070,76.5052,2510.67
172,1,10,10,0.325,28,40,487,1070,87.4943,2628.19
173,0,10,10,0.35,0,0,128,420,24.8833,896.478
174,0,10,10,0.375,0,0,111,400,22.1443,843.498
175,0,10,10,0.4,0,0,107,380,25.7851,802.475
176,0,10,10,0.425,0,0,99,350,26.1191,756.301
177,0,10,10,0.45,0,0,103,340,25.7851,732.57
178,0,10,10,0.475,0,0,82,310,24.282,652.447
179,0,10,10,0.5,0,0,80,310,24.282,658.886
180,0,10,10,0.525,0,0,88,310,27.8059,668.1
181,0,10,10,0.55,0,0,146,440,44.2561,1004.98
182,0,10,10,0.575,0,0,290,680,76.1378,1677.17
183,0,10,10,0.6,0,0,292,670,73.6661,1662.09
184,0,10,10,0.625,0,0,206,540,55.9466,1255.52
185,0,10,10,0.65,0,0,205,540,56.6648,1283.08
186,0,10,10,0.675,0,0,82,260,24.9334,578.345
187,0,10,10,0.7,0,0,70,250,20.7248,546.152
188,0,10,10,0.725,0,0,70,250,20.7081,546.219
189,0,10,10,0.75,0,0,71,250,18.537,546.152
190,0,10,10,0.775,0,0,68,240,18.5203,517.337
191,0,10,10,0.8,0,0,69,240,18.5203,520.648
192,0,10,10,0.825,0,0,17,120,11.3559,258.734
193,0,10,10,0.85,0,0,15,110,8.98454,232.659
194,0,10,10,0.875,0,0,15,110,8.98454,232.659
195,0,10,10,0.9,0,0,16,110,8.98454,232.659
196,0,10,10,0.925,0,0,16,110,8.98454,232.659
197,0,10,10,0.95,0,0,16,110,8.98454,232.659
198,0,10,10,0.975,0,0,16,110,8.98454,232.659
199,0,10,10,1,0,0,16,110,8.98454,232.659
200,1,12,10,0.025,25,82,3052,7440,175.419,17587.3
201,1,12,10,0.05,26,64,2272,5610,137.542,13178.6
202,1,12,10,0.075,25,59,1565,3828,127.476,9052.37
203,1,12,10,0.1,25,49,1417,3324,104.562,7898.97
204,1,12,10,0.125,25,47,1064,2592,101.857,6194.71
205,1,12,10,0.15,25,42,986,2364,91.0349,5638.32
206,1,12,10,0.175,26,38,818,2004,81.5823,4718.59
207,1,12,10,0.2,26,38,761,1896,81.9998,4465.54
208,1,12,10,0.225,27,39,672,1668,84.8556,4016.41
209,1,12,10,0.25,26,36,665,1596,77.1232,3812.96
210,1,12,10,0.275,26,42,571,1428,92.0536,3376.34
211,1,12,10,0.3,26,41,561,1356,88.7302,3203.98
212,1,12,10,0.325,26,40,543,1284,87.1102,3085.93
213,1,12,10,0.35,26,40,545,1212,86.3253,2924.85
214,1,12,10,0.375,28,38,460,1164,82.7513,2813
215,1,12,10,0.4,27,36,461,1104,76.238,2639.1
216,1,12,10,0.425,27,39,400,996,82.6511,2396.78
217,0,12,10,0.45,0,0,394,924,79.4947,2268.5
218,0,12,10,0.475,0,0,389,900,76.071,2187.55
219,0,12,10,0.5,0,0,358,876,76.5554,2132.55
220,0,12,10,0.525,0,0,290,732,60.6729,1740.6
221,0,12,10,0.55,0,0,273,708,56.932,1661.8
222,1,12,10,0.575,28,37,335,840,81.3485,2028.17
223,1,12,10,0.6,28,37,356,828,82.0833,2055.29
224,1,12,10,0.625,29,37,337,780,81.7326,1922.77
225,1,12,10,0.65,29,37,322,780,81.7326,1907.36
226,0,12,10,0.675,0,0,93,324,24.616,705.762
227,0,12,10,0.7,0,0,93,312,24.616,692.734
228,0,12,10,0.725,0,0,232,600,56.1136,1443.56
229,0,12,10,0.75,0,0,237,600,52.7568,1461.62
230,0,12,10,0.775,0,0,144,432,36.1897,979.963
231,0,12,10,0.8,0,0,137,420,33.9351,948.522
232,0,12,10,0.825,0,0,133,408,33.9351,915.259
233,0,12,10,0.85,0,0,140,396,34.2524,905.141
234,0,12,10,0.875,0,0,21,132,9.03464,273.908
235,0,12,10,0.9,0,0,21,132,9.03464,273.908
236,0,12,10,0.925,0,0,21,132,9.03464,273.908
237,0,12,10,0.95,0,0,21,132,9.03464,273.908
238,0,12,10,0.975,0,0,21,132,9.03464,273.908
239,0,12,10,1,0,0,21,132,9.03464,273.908
240,1,14,10,0.025,26,83,3349,8486,174.551,19950.4
241,1,14,10,0.05,26,71,2418,6356,146.423,14689.2
242,1,14,10,0.075,26,56,1707,4448,117.205,10317.3
243,1,14,10,0.1,26,50,1578,3824,105.665,8967.05
244,1,14,10,0.125,26,48,1177,3038,101.139,7173.38
245,1,14,10,0.15,26,44,1124,2770,93.2394,6563.74
246,1,14,10,0.175,26,41,888,2336,89.1644,5509.89
247,1,14,10,0.2,26,40,854,2170,86.4923,5163.18
248,1,14,10,0.225,28,42,758,1960,92.0369,4631.55
249,1,14,10,0.25,26,37,744,1862,81.1648,4406.35
250,0,14,10,0.275,0,0,511,1372,66.7019,3148.12
251,1,14,10,0.3,27,38,654,1638,82.2336,3894.19
252,1,14,10,0.325,27,39,652,1540,84.8723,3756.07
253,1,14,10,0.35,26,38,580,1414,82.9016,3429.37
254,1,14,10,0.375,27,35,503,1302,78.693,3156.19
255,1,14,10,0.4,26,35,515,1302,76.7224,3160.59
256,1,14,10,0.425,25,35,483,1204,77.4405,2922.6
257,1,14,10,0.45,27,35,456,1190,78.1252,2883.19
258,1,14,10,0.475,28,35,452,1162,77.5908,2786.22
259,0,14,10,0.5,0,0,339,910,57.5332,2108.71
260,0,14,10,0.525,0,0,326,854,61.6917,1979.2
261,0,14,10,0.55,0,0,321,840,58.7357,1952.31
262,0,14,10,0.575,0,0,188,616,39.2292,1379.26
263,0,14,10,0.6,0,0,292,770,59.5874,1790.86
264,0,14,10,0.625,0,0,298,784,60.1719,1849.42
265,0,14,10,0.65,0,0,273,756,56.7316,1770.3
266,0,14,10,0.675,0,0,143,490,36.3567,1074.37
267,0,14,10,0.7,0,0,142,476,36.3734,1047.54
268,0,14,10,0.725,0,0,119,378,30.2108,838.213
269,0,14,10,0.75,0,0,95,350,22.8124,754.177
270,0,14,10,0.775,0,0,91,336,23.2466,734.293
271,0,14,10,0.8,0,0,129,448,30.2108,973.558
272,0,14,10,0.825,0,0,88,322,18.8209,700.812
273,0,14,10,0.85,0,0,78,308,18.7207,660.056
274,0,14,10,0.875,0,0,18,154,9.10144,315.608
275,0,14,10,0.9,0,0,18,154,9.10144,315.608
276,0,14,10,0.925,0,0,18,154,9.10144,315.608
277,0,14,10,0.95,0,0,19,154,9.10144,315.608
278,0,14,10,0.975,0,0,19,154,9.10144,315.608
279,0,14,10,1,0,0,19,154,9.10144,315.608
280,1,16,10,0.025,26,77,4048,9970,163.917,23646.7
281,1,16,10,0.05,26,68,2984,7490,145.789,17553.6
282,1,16,10,0.075,26,56,1969,5024,121.848,11778.5
283,1,16,10,0.1,26,52,1789,4432,111.042,10390.1
284,1,16,10,0.125,26,46,1286,3392,99.6859,7894.76
285,1,16,10,0.15,25,48,1240,3184,103.11,7441.96
286,1,16,10,0.175,26,43,1112,2736,91.9868,6494.65
287,1,16,10,0.2,26,40,1017,2544,87.4609,6046.75
288,1,16,10,0.225,27,42,895,2192,91.9367,5196.99
289,1,16,10,0.25,27,41,793,2032,88.5799,4762.34
290,1,16,10,0.275,27,38,738,1824,81.8829,4368.43
291,0,16,10,0.3,0,0,512,1456,67.6372,3292.32
292,1,16,10,0.325,26,38,697,1728,85.2397,4178.73
293,1,16,10,0.35,26,38,658,1648,85.223,3956.12
294,1,16,10,0.375,26,40,650,1552,86.8096,3746.17
295,1,16,10,0.4,27,36,576,1488,80.3631,3613.83
296,0,16,10,0.425,0,0,150,576,22.9126,1213.99
297,0,16,10,0.45,0,0,147,560,25.0002,1188.69
298,0,16,10,0.475,0,0,149,560,25.4845,1196.08
299,0,16,10,0.5,0,0,143,544,24.5325,1132.77
300,0,16,10,0.525,0,0,125,496,24.4156,1037.81
301,0,16,10,0.55,0,0,120,464,22.2946,961.333
302,0,16,10,0.575,0,0,110,448,22.2946,937.986
303,0,16,10,0.6,0,0,108,432,22.2946,897.616
304,0,16,10,0.625,0,0,122,416,22.2946,886.762
305,0,16,10,0.65,0,0,102,400,22.8625,846.391
306,0,16,10,0.675,0,0,102,400,22.8458,835.839
307,0,16,10,0.7,0,0,102,400,22.8458,835.839
308,0,16,10,0.725,0,0,122,400,23.28,857.161
309,0,16,10,0.75,0,0,94,368,23.28,771.018
310,0,16,10,0.775,0,0,95,368,25.2674,772.824
311,0,16,10,0.8,0,0,96,368,21.2258,769.078
312,0,16,10,0.825,0,0,91,352,19.2551,752.572
313,0,16,10,0.85,0,0,93,352,19.2551,757.689
314,0,16,10,0.875,0,0,83,336,19.2551,726.984
315,0,16,10,0.9,0,0,79,320,19.2551,686.614
316,0,16,10,0.925,0,0,23,176,9.15154,357.29
317,0,16,10,0.95,0,0,23,176,9.15154,357.29
318,0,16,10,0.975,0,0,23,176,9.15154,357.29
319,0,16,10,1,0,0,23,176,9.15154,357.29
320,1,18,10,0.025,26,78,5087,12452,171.763,30358.2
321,1,18,10,0.05,26,68,3680,9320,149.144,22404.1
322,1,18,10,0.075,26,50,2466,6260,109.422,14741.4
323,1,18,10,0.1,26,47,2222,5558,103.31,13162.4
324,1,18,10,0.125,26,42,1670,4280,93.3396,10169.8
325,1,18,10,0.15,25,43,1566,3980,97.1975,9541.35
326,1,18,10,0.175,26,41,1343,3360,93.206,8063.74
327,1,18,10,0.2,26,39,1252,3100,87.3607,7451.05
328,1,18,10,0.225,25,41,1136,2800,92.1204,6791.42
329,1,18,10,0.25,26,40,950,2460,89.5485,5865.23
330,1,18,10,0.275,27,37,903,2320,83.3359,5540.75
331,1,18,10,0.3,26,37,858,2204,83.1855,5353.11
332,1,18,10,0.325,28,38,866,2140,86.6259,5146.98
333,1,18,10,0.35,26,36,822,2020,80.4633,4844.92
334,0,18,10,0.375,0,0,400,1200,50.4855,2725.83
335,1,18,10,0.4,27,34,706,1840,79.1106,4468.81
336,1,18,10,0.425,26,33,635,1660,75.9875,4034.79
337,1,18,10,0.45,26,34,640,1620,78.6596,4002.4
338,1,18,10,0.475,26,34,596,1520,77.4572,3675.04
339,0,18,10,0.5,0,0,550,1400,71.2111,3360.84
340,1,18,10,0.525,26,34,559,1460,77.8079,3530.22
341,0,18,10,0.55,0,0,525,1340,72.28,3276.6
342,0,18,10,0.575,0,0,484,1280,75.2026,3170.2
343,0,18,10,0.6,0,0,469,1220,75.3696,3020.6
344,0,18,10,0.625,0,0,501,1240,72.8144,3094.98
345,0,18,10,0.65,0,0,468,1200,72.8144,3003.29
346,0,18,10,0.675,0,0,440,1160,72.2299,2876.63
347,0,18,10,0.7,0,0,474,1200,70.2926,2996.07
348,0,18,10,0.725,0,0,252,720,42.3355,1616.48
349,0,18,10,0.75,0,0,222,700,43.1372,1574.09
350,0,18,10,0.775,0,0,212,680,43.5881,1558.97
351,0,18,10,0.8,0,0,213,680,39.3461,1554.05
352,0,18,10,0.825,0,0,202,640,36.9412,1463.06
353,0,18,10,0.85,0,0,203,640,36.9412,1469.38
354,0,18,10,0.875,0,0,188,620,36.9245,1436.67
355,0,18,10,0.9,0,0,183,600,36.9245,1383.92
356,0,18,10,0.925,0,0,30,220,9.41874,453.509
357,0,18,10,0.95,0,0,30,220,9.41874,453.509
358,0,18,10,0.975,0,0,30,220,9.41874,453.509
359,0,18,10,1,0,0,30,220,9.41874,453.509
360,1,20,10,0.025,26,76,4259,11544,162.298,26781.5
361,1,20,10,0.05,26,65,3407,9020,139.729,21025.2
362,1,20,10,0.075,26,53,2427,6270,114.132,14641.8
363,1,20,10,0.1,26,48,1995,5420,102.158,12489.4
364,1,20,10,0.125,26,45,1667,4400,98.283,10306.6
365,1,20,10,0.15,26,45,1459,3940,96.2288,9149.42
366,1,20,10,0.175,26,44,1291,3460,100.187,8209.26
367,1,20,10,0.2,26,42,1262,3200,93.3396,7610.24
368,1,20,10,0.225,26,41,1020,2700,90.3335,6318.5
369,1,20,10,0.25,26,40,951,2560,89.131,5999.82
370,1,20,10,0.275,25,39,906,2380,87.2939,5669.91
371,1,20,10,0.3,25,36,838,2260,79.4947,5330.79
372,1,20,10,0.325,28,38,806,2140,84.2878,5062.89
373,1,20,10,0.35,25,37,774,2020,83.8536,4831.19
374,1,20,10,0.375,24,36,696,1840,81.599,4429.43
375,0,20,10,0.4,0,0,538,1500,66.251,3445.94
376,0,20,10,0.425,0,0,346,1120,42.9869,2440.88
377,1,20,10,0.45,26,34,637,1740,76.3382,4187.44
378,1,20,10,0.475,26,35,640,1700,78.0417,4075.28
379,0,20,10,0.5,0,0,445,1300,59.0029,3032.64
380,1,20,10,0.525,26,35,568,1520,77.5073,3678.59
381,0,20,10,0.55,0,0,148,600,24.8666,1229.85
382,0,20,10,0.575,0,0,136,560,22.7957,1155.04
383,0,20,10,0.6,0,0,132,540,22.7957,1110.79
384,0,20,10,0.625,0,0,124,520,22.7957,1070.76
385,0,20,10,0.65,0,0,148,520,23.0295,1102.25
386,0,20,10,0.675,0,0,121,500,23.1631,1030.45
387,0,20,10,0.7,0,0,121,500,23.4637,1037.07
388,0,20,10,0.725,0,0,120,480,23.4637,999.496
389,0,20,10,0.75,0,0,122,480,23.4637,999.496
390,0,20,10,0.775,0,0,138,520,25.6849,1092.83
391,0,20,10,0.8,0,0,133,500,25.6181,1049.28
392,0,20,10,0.825,0,0,118,480,25.0336,997.84
393,0,20,10,0.85,0,0,325,960,53.3914,2253.63
394,0,20,10,0.875,0,0,430,1140,68.6392,2792.91
395,0,20,10,0.9,0,0,111,440,20.9085,930.963
396,0,20,10,0.925,0,0,99,420,20.8584,882.263
397,0,20,10,0.95,0,0,101,420,20.7248,879.32
398,0,20,10,0.975,0,0,26,220,9.15154,439.153
399,0,20,10,1,0,0,26,220,9.15154,439.153
400,1,22,10,0.025,27,67,5127,13646,145.121,32187.8
401,1,22,10,0.05,29,63,4303,11106,143.568,26510.6
402,1,22,10,0.075,27,49,2772,7416,109.038,17265.5
403,1,22,10,0.1,26,48,2575,6648,105.982,15670.6
404,1,22,10,0.125,26,46,2002,5232,104.279,12236.9
405,1,22,10,0.15,26,42,1864,4680,92.3376,11049.4
406,1,22,10,0.175,26,42,1608,4080,95.3771,9702.38
407,1,22,10,0.2,26,39,1488,3792,90.7176,9093.34
408,1,22,10,0.225,25,40,1277,3216,90.9347,7722.33
409,1,22,10,0.25,26,41,1186,3096,92.3376,7411.78
410,1,22,10,0.275,26,38,1151,2856,86.0915,6852.49
411,1,22,10,0.3,26,36,1093,2784,82.7346,6738.66
412,1,22,10,0.325,26,37,940,2448,83.6365,5882.61
413,1,22,10,0.35,24,37,895,2352,86.2251,5736.52
414,1,22,10,0.375,26,37,860,2280,84.8222,5449.88
415,1,22,10,0.4,25,36,840,2280,82.9684,5466.79
416,0,22,10,0.425,0,0,607,1728,59.1031,3939.57
417,1,22,10,0.45,27,33,754,2064,75.904,4918.48
418,1,22,10,0.475,26,34,779,1992,75.4364,4787.76
419,1,22,10,0.5,27,36,701,1872,80.1293,4534.65
420,1,22,10,0.525,27,35,649,1752,77.8914,4205.03
421,1,22,10,0.55,26,36,697,1776,81.1648,4371.69
422,0,22,10,0.575,0,0,447,1296,59.0029,3008.9
423,0,22,10,0.6,0,0,451,1296,58.8693,3032.01
424,1,22,10,0.625,28,34,604,1560,77.023,3713.77
425,1,22,10,0.65,28,34,606,1560,76.8727,3710.03
426,1,22,10,0.675,29,35,608,1560,79.645,3727.9
427,1,22,10,0.7,29,35,583,1584,79.8955,3797.09
428,1,22,10,0.725,29,35,576,1512,79.7285,3611.15
429,0,22,10,0.75,0,0,533,1392,74.4511,3403
430,0,22,10,0.775,0,0,174,624,27.7892,1320.72
431,1,22,10,0.8,28,36,558,1488,82.0332,3560.82
432,0,22,10,0.825,0,0,192,600,29.6764,1296.76
433,0,22,10,0.85,0,0,160,576,25.401,1213.41
434,0,22,10,0.875,0,0,191,576,25.6348,1252.11
435,0,22,10,0.9,0,0,140,552,21.1423,1169.09
436,0,22,10,0.925,0,0,135,528,20.8417,1106.21
437,0,22,10,0.95,0,0,159,528,20.8417,1134.22
438,0,22,10,0.975,0,0,32,264,9.41874,535.499
439,0,22,10,1,0,0,32,264,9.41874,535.499
440,1,24,10,0.025,27,79,6148,15532,176.804,36762.8
441,1,24,10,0.05,27,64,4584,11830,143.318,28240.3
442,1,24,10,0.075,27,56,3215,8216,127.61,19514.4
443,1,24,10,0.1,26,50,2724,7072,112.996,16706.3
444,1,24,10,0.125,26,47,2061,5512,103.727,12929.9
445,1,24,10,0.15,26,46,1942,4992,102.625,11696.8
446,1,24,10,0.175,25,45,1638,4342,101.206,10255.1
447,1,24,10,0.2,26,41,1503,3900,91.2019,9142.7
448,1,24,10,0.225,26,41,1345,3536,91.8031,8324.35
449,1,24,10,0.25,26,40,1326,3302,90.6174,7914.38
450,1,24,10,0.275,27,39,1172,2990,89.6153,7110.71
451,1,24,10,0.3,28,36,1070,2912,81.5155,6826.83
452,1,24,10,0.325,28,39,1011,2704,88.5799,6400.03
453,1,24,10,0.35,26,38,1017,2652,86.9933,6294.07
454,1,24,10,0.375,25,37,948,2600,83.5864,6217.38
455,1,24,10,0.4,27,38,902,2496,84.5216,5874.18
456,1,24,10,0.425,26,37,895,2262,83.3192,5418.42
457,1,24,10,0.45,26,35,790,2132,79.1607,5082.3
458,1,24,10,0.475,27,37,817,2080,81.9497,4961.58
459,0,24,10,0.5,0,0,586,1638,63.3618,3756.4
460,1,24,10,0.525,26,35,759,2002,80.3631,4859.66
461,0,24,10,0.55,0,0,530,1534,61.0404,3532.53
462,0,24,10,0.575,0,0,501,1456,60.9068,3334.89
463,0,24,10,0.6,0,0,500,1456,60.9068,3338.92
464,0,24,10,0.625,0,0,477,1404,58.9862,3168.51
465,1,24,10,0.65,28,35,652,1742,79.3611,4106.76
466,1,24,10,0.675,29,35,641,1716,80.1126,4076.68
467,1,24,10,0.7,29,35,645,1716,80.2629,4080.71
468,0,24,10,0.725,0,0,198,676,28.2735,1435.46
469,0,24,10,0.75,0,0,166,650,26.4698,1363.67
470,1,24,10,0.775,28,34,621,1638,79.3277,3900.69
471,0,24,10,0.8,0,0,229,702,33.7179,1555.56
472,0,24,10,0.825,0,0,189,676,30.3611,1464.8
473,0,24,10,0.85,0,0,184,650,26.403,1415.75
474,0,24,10,0.875,0,0,185,650,26.403,1410.78
475,0,24,10,0.9,0,0,157,598,20.8417,1252.37
476,0,24,10,0.925,0,0,144,572,21.0922,1197.12
477,0,24,10,0.95,0,0,171,572,21.0922,1227.37
478,0,24,10,0.975,0,0,37,286,9.41874,577.642
479,0,24,10,1,0,0,37,286,9.41874,577.642
480,1,26,10,0.025,25,75,5974,15616,163.183,36734.8
481,1,26,10,0.05,25,65,4756,12050,141.548,28868.4
482,1,26,10,0.075,25,54,3184,8190,118.908,19319.4
483,1,26,10,0.1,26,50,2654,7020,108.704,16346.9
484,1,26,10,0.125,25,43,2106,5616,95.1266,13050.7
485,1,26,10,0.15,26,47,1939,5096,102.809,11998.4
486,1,26,10,0.175,26,42,1598,4342,92.1371,10109.4
487,1,26,10,0.2,26,44,1656,4082,99.5189,9791.07
488,0,26,10,0.225,0,0,1127,2964,70.5932,6693.75
489,1,26,10,0.25,28,42,1328,3484,95.2435,8259.36
490,1,26,10,0.275,24,36,1207,3146,82.8849,7504.24
491,1,26,10,0.3,26,38,1082,2860,85.1729,6740.98
492,1,26,10,0.325,27,38,982,2704,84.8723,6394.46
493,1,26,10,0.35,25,39,957,2600,89.2646,6207.36
494,1,26,10,0.375,27,37,999,2600,82.3839,6156.31
495,1,26,10,0.4,26,36,897,2418,80.5969,5773.01
496,1,26,10,0.425,26,32,930,2314,72.2299,5555.06
497,1,26,10,0.45,27,33,781,2132,73.5993,5029.64
498,1,26,10,0.475,27,35,764,2080,78.0083,4960.46
499,1,26,10,0.5,29,38,783,2106,85.3232,5026.44
500,1,26,10,0.525,26,35,724,1976,79.7953,4743.05
501,0,26,10,0.55,0,0,529,1534,59.1031,3489.58
502,0,26,10,0.575,0,0,632,1716,72.7309,4062.62
503,0,26,10,0.6,0,0,619,1690,71.1944,4024.73
504,0,26,10,0.625,0,0,626,1664,71.1944,4039.41
505,0,26,10,0.65,0,0,566,1560,71.4282,3733.49
506,0,26,10,0.675,0,0,557,1534,71.5117,3695.71
507,0,26,10,0.7,0,0,162,676,23.1965,1395.75
508,0,26,10,0.725,0,0,160,650,23.1965,1333.89
509,0,26,10,0.75,0,0,162,650,26.1692,1363.97
510,0,26,10,0.775,0,0,568,1534,72.1798,3699.67
511,0,26,10,0.8,0,0,568,1534,74.1504,3713.5
512,0,26,10,0.825,0,0,213,676,32.6658,1454.01
513,0,26,10,0.85,0,0,180,650,25.5012,1365.17
514,0,26,10,0.875,0,0,170,624,19.4221,1307.41
515,0,26,10,0.9,0,0,180,598,23.614,1266.25
516,0,26,10,0.925,0,0,138,546,20.8417,1133.87
517,0,26,10,0.95,0,0,136,546,20.8417,1133.87
518,0,26,10,0.975,0,0,36,286,9.21834,563.845
519,0,26,10,1,0,0,36,286,9.21834,563.845
520,1,28,10,0.025,25,74,5688,15546,165.587,35958.3
521,1,28,10,0.05,25,70,4869,12862,157.524,30472.9
522,1,28,10,0.075,25,52,3390,8848,118.023,20833.7
523,1,28,10,0.1,26,52,2912,7700,115.034,18118.3
524,1,28,10,0.125,25,43,2235,6076,100.27,14241.9
525,1,28,10,0.15,28,47,2022,5460,105.548,12672.9
526,1,28,10,0.175,26,45,1729,4648,101.79,10919.1
527,1,28,10,0.2,26,39,1611,4340,89.1978,10152.6
528,1,28,10,0.225,26,41,1438,3948,91.2019,9194.61
529,1,28,10,0.25,26,42,1375,3696,94.3416,8718.19
530,1,28,10,0.275,24,36,1204,3276,83.0185,7747.12
531,1,28,10,0.3,26,37,1178,3220,83.5864,7658.96
532,1,28,10,0.325,26,39,1054,2884,87.4609,6766.45
533,1,28,10,0.35,24,38,1085,2828,86.0748,6797.18
534,1,28,10,0.375,24,39,942,2604,88.5465,6158.13
535,1,28,10,0.4,25,39,966,2688,88.1457,6372.13
536,1,28,10,0.425,24,34,944,2576,80.6303,6195.37
537,1,28,10,0.45,25,36,881,2464,81.9831,5867.94
538,1,28,10,0.475,26,33,822,2268,74.1504,5377.99
539,0,28,10,0.5,0,0,595,1736,59.4538,3988.18
540,0,28,10,0.525,0,0,562,1708,62.1092,3896.65
541,0,28,10,0.55,0,0,556,1652,61.7585,3756.58
542,0,28,10,0.575,0,0,549,1624,59.3703,3712.81
543,0,28,10,0.6,0,0,517,1540,59.6375,3528.41
544,0,28,10,0.625,0,0,530,1596,59.6542,3656.26
545,0,28,10,0.65,0,0,510,1540,60.1719,3541.63
546,0,28,10,0.675,0,0,620,1792,74.6515,4336.71
547,1,28,10,0.7,28,35,690,1876,79.0438,4434.66
548,0,28,10,0.725,0,0,230,784,29.9436,1641.72
549,0,28,10,0.75,0,0,198,756,29.2588,1558.67
550,0,28,10,0.775,0,0,200,700,27.7558,1456.4
551,0,28,10,0.8,0,0,203,700,27.9562,1488.21
552,0,28,10,0.825,0,0,164,672,27.9729,1404.32
553,0,28,10,0.85,0,0,158,644,24.115,1351.09
554,0,28,10,0.875,0,0,184,672,19.4221,1400.48
555,0,28,10,0.9,0,0,137,588,19.4722,1219.71
556,0,28,10,0.925,0,0,149,588,20.8417,1214.63
557,0,28,10,0.95,0,0,148,588,20.8417,1216.64
558,0,28,10,0.975,0,0,37,308,9.21834,604.985
559,0,28,10,1,0,0,37,308,9.21834,604.985
560,1,30,10,0.025,25,78,6510,17536,170.912,40462.6
561,1,30,10,0.05,25,68,5106,13680,149.127,32456.6
562,1,30,10,0.075,25,53,3538,9240,118.474,21861.9
563,1,30,10,0.1,25,53,2987,8070,115.418,18895.1
564,1,30,10,0.125,26,46,2504,6510,104.345,15358
565,1,30,10,0.15,26,44,2191,5790,99.3519,13688.2
566,1,30,10,0.175,25,39,1786,4980,87.0434,11474.5
567,1,30,10,0.2,28,45,1862,4740,100.387,11147.4
568,1,30,10,0.225,26,41,1523,4170,93.2895,9866.79
569,1,30,10,0.25,25,43,1515,3840,93.0891,8952.86
570,1,30,10,0.275,26,38,1234,3420,86.3921,7999.56
571,1,30,10,0.3,25,37,1238,3390,84.3546,8022.7
572,1,30,10,0.325,26,38,1209,3180,86.7762,7588.87
573,1,30,10,0.35,25,37,1140,3090,84.5884,7424.08
574,1,30,10,0.375,27,36,1088,2880,81.0646,6839.26
575,1,30,10,0.4,26,35,985,2790,78.7766,6522.5
576,0,30,10,0.425,0,0,704,2100,59.0697,4804.01
577,0,30,10,0.45,0,0,722,2010,60.6562,4604.79
578,0,30,10,0.475,0,0,670,1950,57.0155,4440.97
579,0,30,10,0.5,0,0,596,1860,61.7418,4217
580,0,30,10,0.525,0,0,603,1890,64.2302,4285.59
581,0,30,10,0.55,0,0,590,1860,63.3451,4198.97
582,0,30,10,0.575,0,0,672,1890,73.95,4426.47
583,0,30,10,0.6,0,0,717,1920,74.2673,4618.75
584,0,30,10,0.625,0,0,678,1890,72.1297,4506.48
585,0,30,10,0.65,0,0,665,1860,71.8123,4475.28
586,0,30,10,0.675,0,0,650,1830,72.4303,4397.45
587,0,30,10,0.7,0,0,671,1830,72.1297,4436.78
588,0,30,10,0.725,0,0,632,1800,69.7748,4259.81
589,0,30,10,0.75,0,0,632,1770,71.6119,4223.72
590,0,30,10,0.775,0,0,211,780,27.4218,1602.33
591,0,30,10,0.8,0,0,181,750,25.9354,1530.04
592,0,30,10,0.825,0,0,202,750,29.4092,1549.17
593,0,30,10,0.85,0,0,199,750,29.4092,1558.5
594,0,30,10,0.875,0,0,196,720,25.2507,1494.03
595,0,30,10,0.9,0,0,193,720,25.2507,1494.03
596,0,30,10,0.925,0,0,158,660,20.8918,1374.74
597,0,30,10,0.95,0,0,154,630,20.5912,1291.49
598,0,30,10,0.975,0,0,153,630,20.8417,1290.96
599,0,30,10,1,0,0,188,630,20.8417,1322.06
600,1,32,10,0.025,27,81,7172,18704,178.373,43257.5
601,1,32,10,0.05,26,70,5948,14928,151.681,35564.5
602,1,32,10,0.075,27,56,3728,10016,124.37,23463.6
603,1,32,10,0.1,26,55,3475,8928,121.313,21140.3
604,1,32,10,0.125,27,45,2615,6944,101.89,16236.9
605,1,32,10,0.15,26,43,2422,6368,93.9408,14666.2
606,1,32,10,0.175,26,40,2141,5472,89.0475,12881.7
607,1,32,10,0.2,26,41,1838,4960,91.4691,11409.9
608,1,32,10,0.225,28,40,1655,4416,88.2793,10209.2
609,1,32,10,0.25,28,40,1587,4128,91.1852,9693.97
610,1,32,10,0.275,25,36,1416,3776,79.6617,8787.47
611,1,32,10,0.3,25,35,1383,3648,79.6784,8702.89
612,1,32,10,0.325,24,37,1247,3328,82.7346,7848.84
613,1,32,10,0.35,26,36,1130,3200,82.4006,7508.6
614,1,32,10,0.375,27,41,1114,3072,90.3502,7175.51
615,1,32,10,0.4,27,41,1092,3040,91.0015,7115.59
616,1,32,10,0.425,27,37,1056,2880,83.4027,6769.4
617,0,32,10,0.45,0,0,980,2624,74.4344,6167.2
618,1,32,10,0.475,25,34,983,2624,76.8059,6261.91
619,0,32,10,0.5,0,0,277,1088,27.1045,2247.47
620,0,32,10,0.525,0,0,240,992,27.1546,2047.23
621,0,32,10,0.55,0,0,239,992,27.2882,2052.17
622,0,32,10,0.575,0,0,422,1408,43.6716,3070.36
623,0,32,10,0.6,0,0,398,1344,43.371,2910.63
624,0,32,10,0.625,0,0,198,832,23.447,1693.26
625,0,32,10,0.65,0,0,200,832,23.447,1709.26
626,0,32,10,0.675,0,0,385,1312,43.5881,2824.01
627,0,32,10,0.7,0,0,367,1280,43.5881,2761.55
628,0,32,10,0.725,0,0,271,928,28.9415,1978.43
629,0,32,10,0.75,0,0,273,896,28.9415,1900.06
630,0,32,10,0.775,0,0,263,864,28.6409,1819.74
631,0,32,10,0.8,0,0,220,832,25.2006,1699.73
632,0,32,10,0.825,0,0,203,768,25.1839,1561.84
633,0,32,10,0.85,0,0,199,768,25.1839,1562.4
634,0,32,10,0.875,0,0,344,1152,37.7094,2475.47
635,0,32,10,0.9,0,0,204,800,20.6246,1616.85
636,0,32,10,0.925,0,0,207,768,19.205,1592.73
637,0,32,10,0.95,0,0,181,736,21.7101,1507.68
638,0,32,10,0.975,0,0,176,736,20.6246,1498.73
639,0,32,10,1,0,0,154,704,18.9712,1431.35
640,1,34,10,0.025,27,84,7950,20812,187.388,48010.1
641,1,34,10,0.05,26,65,6164,15810,145.388,37390.5
642,1,34,10,0.075,27,58,4084,10778,130.665,25581.2
643,1,34,10,0.1,26,52,3557,9418,116.387,22296
644,1,34,10,0.125,27,48,2791,7378,107.802,17115.4
645,1,34,10,0.15,26,41,2507,6766,90.584,15623.6
646,1,34,10,0.175,25,42,2137,5712,94.2414,13288.4
647,1,34,10,0.2,24,42,1994,5304,93.1225,12286
648,1,34,10,0.225,25,39,1740,4760,86.843,11059.5
649,1,34,10,0.25,25,39,1702,4420,85.6907,10407.3
650,1,34,10,0.275,27,38,1490,4012,85.3065,9330.66
651,1,34,10,0.3,25,35,1463,3910,79.9623,9184.15
652,1,34,10,0.325,24,37,1307,3638,83.0853,8527.46
653,1,34,10,0.35,27,37,1283,3502,84.5383,8263.78
654,1,34,10,0.375,26,39,1162,3196,85.4234,7448.34
655,1,34,10,0.4,25,36,1198,3196,79.8454,7553.33
656,1,34,10,0.425,25,35,1139,2958,80.0625,7088.77
657,1,34,10,0.45,27,35,1154,2856,80.0124,6752.98
658,1,34,10,0.475,26,33,1031,2890,74.902,6801.69
659,1,34,10,0.5,26,35,1057,2754,78.2421,6636.01
660,0,34,10,0.525,0,0,461,1530,44.8907,3255.88
661,0,34,10,0.55,0,0,458,1530,45.4753,3270.22
662,0,34,10,0.575,0,0,449,1530,43.204,3318.85
663,0,34,10,0.6,0,0,420,1462,42.9034,3149.46
664,0,34,10,0.625,0,0,394,1360,41.4003,2888.27
665,0,34,10,0.65,0,0,393,1360,41.4003,2905.12
666,0,34,10,0.675,0,0,415,1428,45.8594,3069.13
667,0,34,10,0.7,0,0,396,1394,45.5755,2985.06
668,0,34,10,0.725,0,0,384,1360,42.0015,2893.52
669,0,34,10,0.75,0,0,384,1326,41.6007,2800.15
670,0,34,10,0.775,0,0,347,1224,41.417,2587.88
671,0,34,10,0.8,0,0,350,1224,41.3836,2580.15
672,0,34,10,0.825,0,0,350,1190,39.5632,2486.05
673,0,34,10,0.85,0,0,253,850,28.2735,1767.29
674,0,34,10,0.875,0,0,340,1190,37.7428,2544.65
675,0,34,10,0.9,0,0,222,850,20.6246,1716.99
676,0,34,10,0.925,0,0,218,816,19.205,1687.32
677,0,34,10,0.95,0,0,184,782,21.66,1599.36
678,0,34,10,0.975,0,0,188,782,20.6246,1589.96
679,0,34,10,1,0,0,161,748,19.0213,1516.22
680,1,36,10,0.025,27,83,9128,23294,187.037,54030.6
681,1,36,10,0.05,26,65,6564,17100,141.215,39918.5
682,1,36,10,0.075,27,56,4489,12008,125.555,28598.6
683,1,36,10,0.1,26,54,4092,10602,120.879,25453.3
684,1,36,10,0.125,27,44,3185,8360,100.087,19767.3
685,1,36,10,0.15,26,44,2919,7638,96.4793,17895.1
686,1,36,10,0.175,26,39,2477,6422,88.0622,14984.2
687,1,36,10,0.2,26,41,2150,5852,93.1559,13651.3
688,1,36,10,0.225,28,38,1897,5168,85.1729,11930.2
689,1,36,10,0.25,28,40,1944,4978,90.6174,11768.2
690,1,36,10,0.275,25,35,1604,4418,78.1085,10317.1
691,1,36,10,0.3,26,35,1637,4370,80.0124,10392
692,1,36,10,0.325,26,37,1562,3990,83.7367,9526.96
693,1,36,10,0.35,25,36,1390,3838,81.6992,9059.42
694,1,36,10,0.375,26,41,1274,3496,93.4899,8276.81
695,1,36,10,0.4,26,40,1275,3458,90.3168,8254.73
696,1,36,10,0.425,27,38,1238,3382,87.0768,8013.79
697,1,36,10,0.45,26,33,1257,3344,77.7411,8038.49
698,1,36,10,0.475,25,34,1183,3154,78.2421,7577.67
699,0,36,10,0.5,0,0,331,1292,27.5053,2686.23
700,0,36,10,0.525,0,0,273,1140,27.4719,2334.06
701,0,36,10,0.55,0,0,286,1178,27.6222,2450.8
702,0,36,10,0.575,0,0,481,1634,44.6903,3589.87
703,0,36,10,0.6,0,0,449,1558,44.5734,3397.77
704,0,36,10,0.625,0,0,231,988,23.8144,2042.67
705,0,36,10,0.65,0,0,233,988,23.8144,2044.62
706,0,36,10,0.675,0,0,455,1558,44.1726,3335.98
707,0,36,10,0.7,0,0,437,1520,43.8887,3250.77
708,0,36,10,0.725,0,0,431,1520,42.7029,3259.08
709,0,36,10,0.75,0,0,430,1444,42.6862,3078.43
710,0,36,10,0.775,0,0,393,1368,42.6194,2934.62
711,0,36,10,0.8,0,0,395,1368,42.0182,2907.33
712,0,36,10,0.825,0,0,225,912,24.0482,1865.5
713,0,36,10,0.85,0,0,223,912,24.0482,1865.5
714,0,36,10,0.875,0,0,388,1330,38.5779,2881.17
715,0,36,10,0.9,0,0,241,950,21.159,1942.51
716,0,36,10,0.925,0,0,245,912,19.4221,1900.31
717,0,36,10,0.95,0,0,207,874,21.6266,1788
718,0,36,10,0.975,0,0,204,874,20.8751,1790.26
719,0,36,10,1,0,0,183,836,19.2718,1711.02
720,1,38,10,0.025,26,75,7826,21340,168.074,47978.9
721,1,38,10,0.05,26,71,6737,17652,160.345,41330.5
722,1,38,10,0.075,26,55,4453,11780,122.9,27790.8
723,1,38,10,0.1,26,52,4036,10450,117.522,24763.8
724,1,38,10,0.125,26,46,2984,8132,101.907,18879.3
725,1,38,10,0.15,26,44,2865,7448,98.0659,17362.3
726,1,38,10,0.175,24,43,2328,6270,95.9115,14436
727,1,38,10,0.2,25,41,2157,5928,91.8866,13728.5
728,1,38,10,0.225,23,39,1837,5168,87.3941,11840
729,1,38,10,0.25,27,41,1772,4940,92.872,11464.3
730,1,38,10,0.275,26,38,1683,4522,85.4234,10550.2
731,1,38,10,0.3,24,34,1564,4408,78.5761,10153.4
732,1,38,10,0.325,25,37,1427,3990,83.8035,9334.29
733,1,38,10,0.35,25,35,1328,3724,80.8307,8748.89
734,1,38,10,0.375,26,40,1339,3610,90.6174,8522.25
735,0,38,10,0.4,0,0,1247,3344,90.3168,8069.67
736,0,38,10,0.425,0,0,1134,3154,76.6723,7440.17
737,1,38,10,0.45,26,36,1146,3154,81.4821,7351.59
738,1,38,10,0.475,25,34,1125,3040,77.1566,7250.08
739,1,38,10,0.5,25,36,1053,2964,81.0646,6974
740,0,38,10,0.525,0,0,537,1824,48.0639,3868.99
741,0,38,10,0.55,0,0,510,1748,46.6109,3719.36
742,0,38,10,0.575,0,0,488,1672,44.2895,3592.46
743,0,38,10,0.6,0,0,291,1140,27.856,2359.83
744,0,38,10,0.625,0,0,460,1596,41.9848,3446.13
745,0,38,10,0.65,0,0,460,1596,41.9848,3448.82
746,0,38,10,0.675,0,0,256,1026,25.8352,2107.37
747,0,38,10,0.7,0,0,234,988,25.8352,2033.45
748,0,38,10,0.725,0,0,427,1520,42.1852,3262.44
749,0,38,10,0.75,0,0,413,1444,41.7009,3084.55
750,0,38,10,0.775,0,0,419,1444,42.1685,3075.31
751,0,38,10,0.8,0,0,412,1406,42.1685,2994.37
752,0,38,10,0.825,0,0,251,950,25.1839,1939.53
753,0,38,10,0.85,0,0,246,950,25.1839,1942.14
754,0,38,10,0.875,0,0,194,836,21.4763,1689.38
755,0,38,10,0.9,0,0,196,836,19.1549,1686.7
756,0,38,10,0.925,0,0,219,912,21.2759,1866.16
757,0,38,10,0.95,0,0,214,874,21.159,1768.87
758,0,38,10,0.975,0,0,196,836,20.658,1688.79
759,0,38,10,1,0,0,171,798,19.1048,1616.25
760,1,40,10,0.025,26,74,8261,22520,163.75,50766.1
761,1,40,10,0.05,26,68,7144,18674,151.731,43539.4
762,1,40,10,0.075,26,55,4681,12640,124.086,30047.8
763,1,40,10,0.1,26,49,3944,10800,107.519,25184.8
764,1,40,10,0.125,26,43,3243,8640,95.5608,20326.3
765,1,40,10,0.15,26,43,2895,7960,97.4814,18521.6
766,1,40,10,0.175,26,40,2474,6720,90.5339,15649.9
767,1,40,10,0.2,25,42,2337,6280,95.6276,14712.1
768,1,40,10,0.225,26,36,2040,5560,80.9476,13065
769,1,40,10,0.25,27,39,1891,5120,90.0162,11881.4
770,1,40,10,0.275,27,37,1717,4760,83.7868,11198.7
771,1,40,10,0.3,24,34,1567,4520,77.7578,10407.1
772,1,40,10,0.325,27,37,1529,4240,83.3025,9941.78
773,1,40,10,0.35,27,37,1444,4040,83.5029,9409.68
774,1,40,10,0.375,27,40,1324,3800,88.8638,8846.06
775,1,40,10,0.4,27,40,1288,3720,90.4671,8619.46
776,1,40,10,0.425,26,33,1304,3400,75.8539,8211.05
777,1,40,10,0.45,25,32,1155,3280,73.3655,7722.86
778,1,40,10,0.475,26,34,1191,3200,76.6389,7504.87
779,1,40,10,0.5,27,36,1128,3160,80.3297,7367.41
780,1,40,10,0.525,26,33,1098,3120,75.2694,7381.34
781,0,40,10,0.55,0,0,529,1840,46.7779,3937.82
782,0,40,10,0.575,0,0,509,1720,44.5066,3692.83
783,0,40,10,0.6,0,0,512,1720,44.3062,3661.32
784,0,40,10,0.625,0,0,504,1640,41.9347,3566.46
785,0,40,10,0.65,0,0,448,1600,42.085,3429.8
786,0,40,10,0.675,0,0,465,1600,44.5567,3453.22
787,0,40,10,0.7,0,0,432,1520,44.5567,3287.14
788,0,40,10,0.725,0,0,274,1120,25.735,2310.29
789,0,40,10,0.75,0,0,264,1040,24.8498,2122.66
790,0,40,10,0.775,0,0,324,1080,28.3403,2244.68
791,0,40,10,0.8,0,0,273,1040,25.0336,2109.91
792,0,40,10,0.825,0,0,408,1440,39.9306,3017.07
793,0,40,10,0.85,0,0,300,1040,28.2401,2164.94
794,0,40,10,0.875,0,0,270,960,26.3863,2005.51
795,0,40,10,0.9,0,0,200,880,19.205,1779.14
796,0,40,10,0.925,0,0,218,960,21.2091,1957.88
797,0,40,10,0.95,0,0,213,920,21.0588,1854.19
798,0,40,10,0.975,0,0,206,880,20.6914,1777.71
799,0,40,10,1,0,0,178,840,19.1549,1707.17
800,1,42,10,0.025,27,83,9824,25858,182.547,58686.9
801,1,42,10,0.05,25,70,7464,19888,153.718,45924.3
802,1,42,10,0.075,27,54,5042,13596,120.746,32153.1
803,1,42,10,0.1,25,53,4649,12144,119.576,29314.7
804,1,42,10,0.125,26,51,3577,9504,115.568,22465.9
805,1,42,10,0.15,25,45,3294,8668,100.354,20627.4
806,1,42,10,0.175,24,43,2602,7172,95.1433,16631.2
807,1,42,10,0.2,26,44,2676,6952,99.8028,16514
808,1,42,10,0.225,26,41,2151,5896,91.0516,13685.9
809,1,42,10,0.25,28,42,2083,5720,95.4439,13322.9
810,1,42,10,0.275,25,37,1945,5192,83.5864,12280
811,1,42,10,0.3,24,37,1853,5060,85.6072,11950.5
812,1,42,10,0.325,25,37,1851,4752,84.0039,11352
813,1,42,10,0.35,27,39,1643,4444,87.5945,10402.6
814,1,42,10,0.375,27,41,1618,4312,92.3543,10197.9
815,1,42,10,0.4,27,40,1584,4180,90.0997,9989.46
816,1,42,10,0.425,27,36,1523,4004,80.5301,9448.05
817,1,42,10,0.45,27,35,1401,3784,78.6763,8908.33
818,1,42,10,0.475,27,36,1396,3740,80.8808,8801.6
819,1,42,10,0.5,26,36,1220,3432,80.5802,7993.83
820,1,42,10,0.525,26,36,1283,3476,81.4821,8213.06
821,1,42,10,0.55,25,35,1202,3432,79.5782,8159.53
822,0,42,10,0.575,0,0,1130,3124,71.1944,7511.29
823,0,42,10,0.6,0,0,1031,2948,70.3427,6935.9
824,0,42,10,0.625,0,0,1072,2992,76.9729,7102.75
825,0,42,10,0.65,0,0,367,1276,30.7285,2725.89
826,0,42,10,0.675,0,0,311,1276,27.8059,2653.21
827,0,42,10,0.7,0,0,277,1188,27.856,2464.68
828,0,42,10,0.725,0,0,258,1144,23.5305,2332.4
829,0,42,10,0.75,0,0,257,1100,23.5305,2254.72
830,0,42,10,0.775,0,0,288,1144,28.4405,2375.57
831,0,42,10,0.8,0,0,278,1100,26.8205,2300.66
832,0,42,10,0.825,0,0,273,1100,28.19,2294.48
833,0,42,10,0.85,0,0,269,1100,28.19,2295.98
834,0,42,10,0.875,0,0,254,1056,20.825,2167.58
835,0,42,10,0.9,0,0,231,1012,19.8563,2114.62
836,0,42,10,0.925,0,0,230,1056,20.0734,2180.51
837,0,42,10,0.95,0,0,219,1012,19.5557,2045.98
838,0,42,10,0.975,0,0,193,924,19.7728,1880.23
839,0,42,10,1,0,0,246,924,19.7728,1940.47
840,1,44,10,0.025,27,87,9997,26798,193.564,60595.1
841,1,44,10,0.05,26,68,7496,20248,146.289,46379.9
842,1,44,10,0.075,27,57,5403,14444,126.741,34238.8
843,1,44,10,0.1,26,56,4802,12742,123.702,30679.3
844,1,44,10,0.125,27,48,3759,10074,106.951,23984.7
845,1,44,10,0.15,26,45,3415,9108,101.824,21579
846,1,44,10,0.175,26,41,2897,7682,93.3062,18125.7
847,1,44,10,0.2,25,43,2689,7130,97.7486,16865.9
848,1,44,10,0.225,26,37,2429,6394,83.3192,14941.8
849,1,44,10,0.25,27,41,2133,5888,93.0724,13669.6
850,1,44,10,0.275,26,36,2086,5474,81.3986,12877.2
851,1,44,10,0.3,25,36,2024,5428,82.3839,12831.1
852,1,44,10,0.325,25,37,1793,4784,85.39,11456.4
853,1,44,10,0.35,27,39,1644,4600,88.1624,10816.7
854,1,44,10,0.375,27,40,1635,4416,89.6487,10453.1
855,1,44,10,0.4,28,40,1515,4232,90.6007,9981.02
856,1,44,10,0.425,27,36,1485,4094,81.6658,9647.32
857,1,44,10,0.45,27,35,1394,3910,80.0792,9270.48
858,0,44,10,0.475,0,0,1332,3634,66.4347,8674.08
859,1,44,10,0.5,27,38,1350,3634,84.3045,8568
860,0,44,10,0.525,0,0,766,2254,48.6818,4944.44
861,0,44,10,0.55,0,0,1232,3358,77.1566,8046.83
862,0,44,10,0.575,0,0,1178,3220,72.5639,7751.57
863,0,44,10,0.6,0,0,1181,3174,70.0588,7717.24
864,0,44,10,0.625,0,0,1098,3082,75.4364,7467.17
865,0,44,10,0.65,0,0,383,1334,30.5114,2836.57
866,0,44,10,0.675,0,0,1086,3036,71.7789,7311.29
867,0,44,10,0.7,0,0,1055,2944,72.4303,7094.96
868,0,44,10,0.725,0,0,941,2760,72.6307,6538.33
869,0,44,10,0.75,0,0,930,2668,72.5305,6343.46
870,0,44,10,0.775,0,0,303,1196,28.524,2483.54
871,0,44,10,0.8,0,0,288,1150,26.5533,2391.67
872,0,44,10,0.825,0,0,951,2622,76.405,6268.6
873,0,44,10,0.85,0,0,372,1242,32.8996,2647.3
874,0,44,10,0.875,0,0,267,1104,20.9085,2266.29
875,0,44,10,0.9,0,0,245,1058,19.7895,2208.62
876,0,44,10,0.925,0,0,242,1104,19.9899,2275.09
877,0,44,10,0.95,0,0,229,1058,19.6392,2136.99
878,0,44,10,0.975,0,0,230,1012,20.7582,2038.33
879,0,44,10,1,0,0,283,1012,20.7582,2100.86
880,1,46,10,0.025,27,85,10413,27370,185.001,61970.3
881,1,46,10,0.05,26,74,7863,21076,161.781,48425.1
882,1,46,10,0.075,27,61,5631,14490,135.439,34611
883,1,46,10,0.1,26,52,4865,12512,115.952,29736.5
884,1,46,10,0.125,27,47,3673,9844,104.479,23184.2
885,1,46,10,0.15,26,45,3477,9200,100.471,21618
886,1,46,10,0.175,25,44,2870,7728,98.5001,18173.3
887,1,46,10,0.2,24,44,2702,7222,98.3999,16812.6
888,1,46,10,0.225,24,38,2297,6348,85.507,14702.6
889,1,46,10,0.25,26,39,2212,5980,87.7783,13961.7
890,1,46,10,0.275,26,38,2203,5618,87.0935,13491.5
891,1,46,10,0.3,26,36,1974,5290,81.933,12585.7
892,1,46,10,0.325,25,38,1823,4922,86.4422,11612.7
893,0,46,10,0.35,0,0,1668,4370,77.7411,10514.2
894,1,46,10,0.375,27,40,1582,4370,89.1811,10244.2
895,1,46,10,0.4,27,40,1559,4324,88.2793,10117.4
896,1,46,10,0.425,27,37,1445,4002,84.388,9360.56
897,1,46,10,0.45,27,37,1425,3956,85.7074,9200.68
898,1,46,10,0.475,25,36,1350,3772,80.8307,8792.32
899,0,46,10,0.5,0,0,1291,3634,74.6181,8575.35
900,0,46,10,0.525,0,0,1176,3220,78.8935,7711.76
901,0,46,10,0.55,0,0,1103,3266,74.7183,7594.37
902,0,46,10,0.575,0,0,1165,3220,74.2506,7825.15
903,0,46,10,0.6,0,0,1087,3128,71.6453,7480.07
904,0,46,10,0.625,0,0,1071,3082,73.7329,7342.19
905,0,46,10,0.65,0,0,1053,3036,74.117,7223.14
906,0,46,10,0.675,0,0,314,1288,27.6556,2632.92
907,0,46,10,0.7,0,0,289,1242,27.6556,2543.97
908,0,46,10,0.725,0,0,293,1242,26.1191,2544.22
909,0,46,10,0.75,0,0,293,1196,26.069,2435.76
910,0,46,10,0.775,0,0,279,1150,23.8979,2328.75
911,0,46,10,0.8,0,0,276,1150,23.8979,2326.41
912,0,46,10,0.825,0,0,284,1150,23.1798,2316.95
913,0,46,10,0.85,0,0,273,1150,23.8979,2327.29
914,0,46,10,0.875,0,0,273,1104,22.2111,2280.42
915,0,46,10,0.9,0,0,255,1104,19.2384,2199.72
916,0,46,10,0.925,0,0,297,1104,19.3052,2273.27
917,0,46,10,0.95,0,0,222,1012,19.9732,2033.03
918,0,46,10,0.975,0,0,214,1012,19.2384,2034.27
919,0,46,10,1,0,0,220,1012,19.0714,2045.22
920,1,48,10,0.025,27,89,11108,29314,194.482,66246.6
921,1,48,10,0.05,26,67,8537,22368,150.329,51475.2
922,1,48,10,0.075,27,59,5599,15264,129.112,35867
923,1,48,10,0.1,26,55,5045,13296,123.401,31942.5
924,1,48,10,0.125,27,47,3752,10320,102.943,24208.7
925,1,48,10,0.15,26,46,3413,9504,104.028,22253
926,1,48,10,0.175,26,42,2936,7968,93.8907,18485.2
927,1,48,10,0.2,26,41,2798,7536,91.6528,17540.8
928,1,48,10,0.225,25,39,2350,6528,88.2459,15044.9
929,1,48,10,0.25,28,42,2240,6144,94.9763,14222.8
930,1,48,10,0.275,27,40,2078,5664,89.3815,13029.6
931,1,48,10,0.3,25,36,2019,5520,82.4006,12996.4
932,1,48,10,0.325,24,36,1737,4848,82.6511,11413.1
933,1,48,10,0.35,25,38,1665,4800,86.3587,11169.6
934,1,48,10,0.375,28,41,1672,4560,91.5693,10556.3
935,1,48,10,0.4,26,42,1625,4512,95.2602,10739.4
936,1,48,10,0.425,27,38,1496,4272,85.9913,9894.95
937,1,48,10,0.45,25,33,1531,4128,77.7745,9873.23
938,1,48,10,0.475,27,35,1424,4032,79.0605,9413.25
939,1,48,10,0.5,27,37,1526,3984,81.5656,9433.72
940,0,48,10,0.525,0,0,331,1440,27.2047,2920.05
941,0,48,10,0.55,0,0,346,1488,27.3884,3045.44
942,1,48,10,0.575,26,34,1270,3552,78.025,8564.23
943,1,48,10,0.6,26,34,1295,3504,77.7578,8463.09
944,0,48,10,0.625,0,0,313,1296,28.2067,2654.84
945,0,48,10,0.65,0,0,322,1296,28.2067,2703.65
946,0,48,10,0.675,0,0,318,1344,27.5053,2736.09
947,0,48,10,0.7,0,0,293,1296,27.6222,2649.04
948,0,48,10,0.725,0,0,296,1296,26.0189,2643.6
949,0,48,10,0.75,0,0,298,1248,26.0189,2532.97
950,0,48,10,0.775,0,0,284,1200,23.9647,2427.21
951,0,48,10,0.8,0,0,282,1200,23.9647,2424.77
952,0,48,10,0.825,0,0,289,1200,23.2466,2414.91
953,0,48,10,0.85,0,0,279,1200,23.8979,2420.71
954,0,48,10,0.875,0,0,273,1152,22.161,2379.27
955,0,48,10,0.9,0,0,258,1152,19.2384,2289.39
956,0,48,10,0.925,0,0,303,1152,19.2551,2363.56
957,0,48,10,0.95,0,0,226,1056,19.9231,2113.21
958,0,48,10,0.975,0,0,214,1056,19.2384,2119.44
959,0,48,10,1,0,0,223,1056,19.0714,2130.78
960,1,50,10,0.025,26,83,11174,29600,181.345,66826.9
961,1,50,10,0.05,26,73,8789,23380,160.996,53743
962,1,50,10,0.075,26,55,5896,15550,123.05,36754.5
963,1,50,10,0.1,26,52,5021,13600,116.721,32440.5
964,1,50,10,0.125,25,46,3972,10800,102.174,25619.4
965,1,50,10,0.15,25,45,3474,9850,100.371,23065.5
966,1,50,10,0.175,26,41,3141,8450,91.8866,19875.3
967,1,50,10,0.2,28,44,2856,7900,99.2851,18376.2
968,1,50,10,0.225,28,41,2623,6900,92.3209,16133.7
969,1,50,10,0.25,26,40,2498,6600,88.7636,15354.3
970,1,50,10,0.275,26,36,2173,5850,81.2316,13707.6
971,1,50,10,0.3,24,36,2108,5850,82.3505,13677
972,1,50,10,0.325,28,38,1891,5300,85.6573,12363.2
973,1,50,10,0.35,24,36,1801,4950,81.3652,11649.5
974,1,50,10,0.375,27,41,1615,4650,92.7718,10793.2
975,1,50,10,0.4,27,40,1698,4700,91.252,11062.3
976,1,50,10,0.425,27,35,1614,4500,78.977,10638.5
977,1,50,10,0.45,26,35,1488,4150,79.311,9950.46
978,1,50,10,0.475,25,36,1513,4150,81.4821,9790.55
979,1,50,10,0.5,25,37,1530,4200,83.9538,10043.9
980,0,50,10,0.525,0,0,1299,3700,72.4303,8814.63
981,0,50,10,0.55,0,0,1340,3650,79.7953,8775.95
982,0,50,10,0.575,0,0,1297,3600,72.5806,8605.2
983,0,50,10,0.6,0,0,1326,3600,72.2466,8688.44
984,0,50,10,0.625,0,0,1154,3350,74.3843,7983.09
985,0,50,10,0.65,0,0,1157,3350,74.8185,8067.33
986,0,50,10,0.675,0,0,1106,3300,72.5305,7879.07
987,0,50,10,0.7,0,0,1130,3200,73.0148,7688.18
988,0,50,10,0.725,0,0,301,1350,25.7851,2748.02
989,0,50,10,0.75,0,0,289,1250,23.4136,2528.55
990,0,50,10,0.775,0,0,300,1250,23.6975,2519.55
991,0,50,10,0.8,0,0,301,1250,23.6975,2519.55
992,0,50,10,0.825,0,0,307,1250,23.3134,2521.41
993,0,50,10,0.85,0,0,296,1250,23.9647,2531.7
994,0,50,10,0.875,0,0,248,1100,19.539,2242.55
995,0,50,10,0.9,0,0,246,1100,19.6058,2240.88
996,0,50,10,0.925,0,0,244,1150,19.7895,2338.35
997,0,50,10,0.95,0,0,233,1100,19.4722,2186.76
998,0,50,10,0.975,0,0,215,1050,19.2551,2099.37
999,0,50,10,1,0,0,222,1050,19.1549,2118.06
1000,1,52,10,0.025,27,84,11424,30284,184.116,67869
1001,1,52,10,0.05,26,74,9410,24362,164.234,56258.6
1002,1,52,10,0.075,27,59,6060,16172,130.681,37821.7
1003,1,52,10,0.1,26,55,5196,13988,120.695,33075.7
1004,1,52,10,0.125,27,49,4112,11284,108.971,26737.1
1005,1,52,10,0.15,26,47,3813,10400,106.55,24575
1006,1,52,10,0.175,26,44,3237,8840,100.521,20907
1007,1,52,10,0.2,26,42,2972,8112,93.7237,18785.3
1008,1,52,10,0.225,24,40,2526,7176,88.7469,16299.8
1009,1,52,10,0.25,28,41,2541,6708,93.039,15627.1
1010,1,52,10,0.275,28,39,2326,6136,88.8471,14428.4
1011,1,52,10,0.3,25,36,2200,6084,82.1501,14382.2
1012,1,52,10,0.325,23,37,1980,5460,84.6886,12848.4
1013,1,52,10,0.35,25,37,1884,5252,84.3379,12379.3
1014,1,52,10,0.375,28,41,1830,4992,92.5046,11720.6
1015,1,52,10,0.4,26,40,1695,4836,91.1351,11527.4
1016,1,52,10,0.425,27,38,1659,4732,85.5237,11023.7
1017,1,52,10,0.45,27,36,1593,4524,80.6971,10486.2
1018,1,52,10,0.475,27,36,1589,4368,81.5489,10305.3
1019,1,52,10,0.5,26,38,1560,4160,84.1041,9759.06
1020,0,52,10,0.525,0,0,848,2548,48.4146,5525.1
1021,0,52,10,0.55,0,0,1358,3796,76.8226,9010.4
1022,0,52,10,0.575,0,0,1279,3588,72.2633,8563.88
1023,0,52,10,0.6,0,0,1251,3536,70.326,8480.94
1024,0,52,10,0.625,0,0,1160,3328,72.7309,7982.59
1025,0,52,10,0.65,0,0,1161,3328,72.7476,8040.82
1026,0,52,10,0.675,0,0,1223,3484,71.6286,8371.87
1027,0,52,10,0.7,0,0,1160,3328,72.1297,7972.85
1028,0,52,10,0.725,0,0,1079,3224,74.8519,7604.16
1029,0,52,10,0.75,0,0,1075,3120,74.6515,7367.57
1030,0,52,10,0.775,0,0,1103,3120,73.7663,7485.08
1031,0,52,10,0.8,0,0,1091,3120,73.9667,7448.41
1032,0,52,10,0.825,0,0,318,1300,23.2967,2615.36
1033,0,52,10,0.85,0,0,305,1300,23.8812,2620.67
1034,0,52,10,0.875,0,0,296,1248,20.9252,2534.34
1035,0,52,10,0.9,0,0,269,1196,19.7394,2467.47
1036,0,52,10,0.925,0,0,268,1248,19.9064,2539.71
1037,0,52,10,0.95,0,0,256,1196,19.4722,2381.28
1038,0,52,10,0.975,0,0,235,1144,19.2551,2294
1039,0,52,10,1,0,0,245,1144,19.1549,2311.65
1040,1,54,10,0.025,27,81,11029,30322,177.172,66949.4
1041,1,54,10,0.05,25,70,9062,24408,152.8,55433.8
1042,1,54,10,0.075,27,56,6164,16578,125.205,38640.5
1043,1,54,10,0.1,25,54,5496,14526,118.992,34350.5
1044,1,54,10,0.125,26,48,4193,11610,106.8,27340.7
1045,1,54,10,0.15,26,46,3987,10638,104.479,25065.3
1046,1,54,10,0.175,25,41,3183,8856,92.8219,20698.6
1047,1,54,10,0.2,24,43,3105,8424,98.0325,19782.7
1048,1,54,10,0.225,25,38,2706,7506,86.6426,17432.7
1049,1,54,10,0.25,28,41,2560,6912,93.5233,16092.3
1050,1,54,10,0.275,27,40,2318,6372,90.6007,14745.5
1051,1,54,10,0.3,25,36,2157,6156,82.601,14295.5
1052,1,54,10,0.325,24,36,2121,5778,82.0165,13533.9
1053,1,54,10,0.35,25,37,1933,5454,84.2711,12753.3
1054,1,54,10,0.375,27,41,1826,5076,93.9575,12035
1055,1,54,10,0.4,27,41,1872,5130,92.4545,12185.7
1056,1,54,10,0.425,26,36,1918,5022,82.2002,12008.6
1057,1,54,10,0.45,27,36,1681,4698,81.3819,10968.5
1058,1,54,10,0.475,26,35,1665,4590,78.9937,10721.4
1059,1,54,10,0.5,26,36,1573,4536,80.3965,10618.7
1060,1,54,10,0.525,27,37,1506,4212,83.6031,9976.08
1061,1,54,10,0.55,27,37,1420,4158,82.9684,9722.14
1062,0,54,10,0.575,0,0,1335,3834,71.7121,9223.26
1063,0,54,10,0.6,0,0,1368,3780,71.7288,9095.45
1064,1,54,10,0.625,27,35,1301,3780,80.5802,8849.4
1065,0,54,10,0.65,0,0,1290,3672,79.8287,8852.57
1066,0,54,10,0.675,0,0,368,1566,27.6055,3204.63
1067,0,54,10,0.7,0,0,327,1458,27.6556,2978.85
1068,0,54,10,0.725,0,0,328,1458,25.902,2983.81
1069,0,54,10,0.75,0,0,326,1404,25.902,2854.04
1070,0,54,10,0.775,0,0,315,1350,23.8979,2752.01
1071,0,54,10,0.8,0,0,317,1350,23.8979,2752.01
1072,0,54,10,0.825,0,0,324,1350,23.3134,2716.38
1073,0,54,10,0.85,0,0,314,1350,23.9647,2727.47
1074,0,54,10,0.875,0,0,300,1296,20.9252,2628.64
1075,0,54,10,0.9,0,0,275,1242,19.7895,2556.46
1076,0,54,10,0.925,0,0,273,1296,19.9732,2634.15
1077,0,54,10,0.95,0,0,261,1242,19.4221,2469.75
1078,0,54,10,0.975,0,0,241,1188,19.2551,2378.31
1079,0,54,10,1,0,0,251,1188,19.1549,2397.55
1080,1,56,10,0.025,27,84,12167,32558,185.067,72771.5
1081,1,56,10,0.05,26,74,10084,26180,164.067,60225.3
1082,1,56,10,0.075,27,62,6613,17808,138.043,41692.8
1083,1,56,10,0.1,26,55,5607,15064,121.313,35510
1084,1,56,10,0.125,27,49,4320,12096,108.571,28427.2
1085,1,56,10,0.15,26,46,3979,11032,104.178,25911.8
1086,1,56,10,0.175,26,43,3363,9352,97.8154,22029.9
1087,1,56,10,0.2,26,42,3202,8792,93.54,20383.3
1088,1,56,10,0.225,24,40,2684,7672,89.3648,17551.7
1089,1,56,10,0.25,28,41,2706,7168,93.707,16789.5
1090,1,56,10,0.275,28,39,2483,6608,88.6968,15515.7
1091,1,56,10,0.3,25,36,2389,6608,82.2837,15543.6
1092,1,56,10,0.325,23,37,2118,5880,84.6886,13814
1093,1,56,10,0.35,25,37,2048,5712,84.4214,13431.2
1094,1,56,10,0.375,28,41,1995,5432,92.3543,12716.2
1095,1,56,10,0.4,26,40,1848,5264,90.9848,12501.9
1096,1,56,10,0.425,27,38,1889,5208,85.4234,12186.3
1097,1,56,10,0.45,26,36,1711,4816,81.3986,11224.7
1098,1,56,10,0.475,27,36,1669,4760,81.3819,11073.2
1099,1,56,10,0.5,26,38,1751,4592,84.8222,10908
1100,0,56,10,0.525,0,0,1506,4088,71.1777,9755.64
1101,0,56,10,0.55,0,0,817,2688,48.1307,5761.95
1102,0,56,10,0.575,0,0,1409,3976,72.0629,9512.46
1103,0,56,10,0.6,0,0,1347,3808,70.1757,9121.68
1104,0,56,10,0.625,0,0,1264,3640,72.5305,8703.87
1105,0,56,10,0.65,0,0,1263,3640,72.5472,8766.47
1106,0,56,10,0.675,0,0,1243,3696,71.7455,8804.09
1107,0,56,10,0.7,0,0,1239,3584,72.1464,8565.03
1108,0,56,10,0.725,0,0,1149,3472,74.8519,8170.44
1109,0,56,10,0.75,0,0,1142,3360,74.6515,7915.99
1110,0,56,10,0.775,0,0,1177,3360,73.7663,8043.22
1111,0,56,10,0.8,0,0,1164,3360,73.9667,8003.76
1112,0,56,10,0.825,0,0,341,1400,23.3134,2811.03
1113,0,56,10,0.85,0,0,327,1400,23.8979,2816.74
1114,0,56,10,0.875,0,0,314,1344,20.9252,2722.94
1115,0,56,10,0.9,0,0,286,1288,19.7394,2651.02
1116,0,56,10,0.925,0,0,284,1344,19.9064,2728.7
1117,0,56,10,0.95,0,0,273,1288,19.4722,2558.32
1118,0,56,10,0.975,0,0,251,1232,19.2551,2463.5
1119,0,56,10,1,0,0,261,1232,19.1549,2483.44
1120,1,58,10,0.025,27,82,12857,34162,182.013,76432.5
1121,1,58,10,0.05,26,68,9342,25510,150.379,57507.3
1122,1,58,10,0.075,27,57,6769,17980,126.925,41805.8
1123,1,58,10,0.1,25,54,5944,15602,119.743,36720.8
1124,1,58,10,0.125,26,47,4752,12470,105.064,29712.8
1125,1,58,10,0.15,26,44,4228,11542,98.8675,27226.5
1126,1,58,10,0.175,26,41,3494,9570,92.8386,22462
1127,1,58,10,0.2,25,43,3448,9164,98.0325,21622.5
1128,1,58,10,0.225,26,38,2928,8120,86.6426,18865.1
1129,1,58,10,0.25,28,42,2831,7424,95.4272,17451.2
1130,1,58,10,0.275,28,39,2581,6844,89.2646,16107.3
1131,1,58,10,0.3,25,36,2485,6844,82.5342,16126.1
1132,1,58,10,0.325,24,36,2306,6264,82.4173,14706.2
1133,1,58,10,0.35,25,37,2124,5916,84.9892,13940.6
1134,1,58,10,0.375,28,41,2004,5568,92.8386,13036.8
1135,1,58,10,0.4,27,41,2022,5568,91.5025,13132.5
1136,1,58,10,0.425,27,38,1972,5394,85.9913,12656.1
1137,1,58,10,0.45,26,36,1786,4988,81.5823,11634
1138,1,58,10,0.475,25,36,1767,4872,81.6825,11403.1
1139,1,58,10,0.5,25,37,1667,4814,83.0853,11262.7
1140,1,58,10,0.525,27,37,1602,4524,83.1521,10642.1
1141,0,58,10,0.55,0,0,1464,4176,75.3362,9883.67
1142,0,58,10,0.575,0,0,1482,4176,71.829,10010.3
1143,0,58,10,0.6,0,0,1408,4002,71.7288,9531.95
1144,0,58,10,0.625,0,0,1347,3886,74.5513,9254.67
1145,0,58,10,0.65,0,0,1353,3886,74.9855,9358.03
1146,0,58,10,0.675,0,0,404,1682,27.7057,3441
1147,0,58,10,0.7,0,0,358,1566,27.6556,3192.94
1148,0,58,10,0.725,0,0,357,1566,25.902,3198.24
1149,0,58,10,0.75,0,0,358,1508,25.902,3059.04
1150,0,58,10,0.775,0,0,348,1450,23.8979,2949.57
1151,0,58,10,0.8,0,0,350,1450,23.8979,2949.57
1152,0,58,10,0.825,0,0,357,1450,23.3134,2911.35
1153,0,58,10,0.85,0,0,344,1450,23.9647,2923.24
1154,0,58,10,0.875,0,0,329,1392,20.9252,2817.23
1155,0,58,10,0.9,0,0,302,1334,19.7895,2739.8
1156,0,58,10,0.925,0,0,301,1392,20.0233,2826.13
1157,0,58,10,0.95,0,0,287,1334,19.4722,2649.77
1158,0,58,10,0.975,0,0,264,1276,19.2551,2548.7
1159,0,58,10,1,0,0,273,1276,19.1549,2569.34
1160,1,60,10,0.025,25,84,13919,37262,187.571,83582.4
1161,1,60,10,0.05,25,72,10770,28982,162.081,66159.2
1162,1,60,10,0.075,25,55,7399,19468,124.837,45534.4
1163,1,60,10,0.1,26,55,6432,17112,123.134,40451
1164,1,60,10,0.125,25,46,4815,13144,102.609,31333.7
1165,1,60,10,0.15,25,43,4309,12276,97.8655,29071.4
1166,1,60,10,0.175,25,41,3823,10478,94.3416,24901.4
1167,1,60,10,0.2,25,43,3569,9734,97.9323,23130.2
1168,1,60,10,0.225,23,39,2970,8556,88.8638,19686.7
1169,1,60,10,0.25,26,38,3067,8184,87.4275,19415.3
1170,1,60,10,0.275,27,40,2733,7316,91.6027,17386.7
1171,1,60,10,0.3,25,39,2604,7316,89.0141,17331.2
1172,1,60,10,0.325,24,35,2329,6572,80.9142,15364.1
1173,1,60,10,0.35,24,38,2215,6262,87.177,14854.5
1174,1,60,10,0.375,26,39,2096,5952,90.0162,14113.2
1175,1,60,10,0.4,27,39,2069,5952,88.5465,13978.6
1176,1,60,10,0.425,27,39,1965,5704,87.962,13363.5
1177,1,60,10,0.45,26,40,1899,5332,91.4524,12633.8
1178,1,60,10,0.475,24,35,1846,5146,80.3965,12098.2
1179,1,60,10,0.5,26,35,1919,5084,79.3945,12165.5
1180,0,60,10,0.525,0,0,1590,4588,71.495,10905.2
1181,0,60,10,0.55,0,0,905,3038,47.7633,6475.77
1182,0,60,10,0.575,0,0,1523,4402,72.1464,10513.5
1183,0,60,10,0.6,0,0,1480,4278,71.9459,10217.3
1184,0,60,10,0.625,0,0,1404,4154,70.7936,9946.13
1185,0,60,10,0.65,0,0,403,1736,26.3696,3579.3
1186,0,60,10,0.675,0,0,1354,4030,75.403,9714.79
1187,0,60,10,0.7,0,0,1384,4030,75.6869,9672.19
1188,0,60,10,0.725,0,0,372,1612,28.5407,3309.82
1189,0,60,10,0.75,0,0,354,1612,23.8311,3265.24
1190,0,60,10,0.775,0,0,374,1612,26.0189,3291.44
1191,0,60,10,0.8,0,0,357,1550,23.8478,3152.22
1192,0,60,10,0.825,0,0,368,1550,24.0148,3166.03
1193,0,60,10,0.85,0,0,366,1550,24.0148,3166.03
1194,0,60,10,0.875,0,0,343,1488,24.0816,3026.02
1195,0,60,10,0.9,0,0,344,1488,24.0816,3041.7
1196,0,60,10,0.925,0,0,182,930,17.084,1809.25
1197,0,60,10,0.95,0,0,314,1426,19.3887,2869.89
1198,0,60,10,0.975,0,0,389,1426,20.5077,2937.38
1199,0,60,10,1,0,0,322,1426,19.4555,2909.77
1200,1,62,10,0.025,25,84,14450,38464,187.571,86144.6
1201,1,62,10,0.05,25,72,11184,29916,162.081,68168.3
1202,1,62,10,0.075,25,55,7678,20096,124.837,46888.7
1203,1,62,10,0.1,26,55,6679,17664,123.134,41644
1204,1,62,10,0.125,25,46,5002,13568,102.609,32355.8
1205,1,62,10,0.15,25,43,4473,12672,97.8655,30021.6
1206,1,62,10,0.175,25,41,3970,10816,94.3416,25719.2
1207,1,62,10,0.2,25,43,3714,10048,97.9323,23891.8
1208,1,62,10,0.225,23,39,3086,8832,88.8638,20339.1
1209,1,62,10,0.25,26,38,3187,8448,87.4275,20059.1
1210,1,62,10,0.275,27,40,2843,7552,91.6027,17966.1
1211,1,62,10,0.3,25,39,2708,7552,89.0141,17908.8
1212,1,62,10,0.325,24,35,2419,6784,80.9142,15848.8
1213,1,62,10,0.35,24,38,2302,6464,87.177,15323.1
1214,1,62,10,0.375,26,39,2177,6144,90.0162,14558.3
1215,1,62,10,0.4,27,39,2147,6144,88.5465,14419.4
1216,1,62,10,0.425,27,39,2042,5888,87.962,13784.8
1217,1,62,10,0.45,26,40,1972,5504,91.4524,13031.9
1218,1,62,10,0.475,24,35,1924,5312,80.3965,12479.3
1219,1,62,10,0.5,26,35,1999,5248,79.3945,12548.8
1220,0,62,10,0.525,0,0,1661,4736,71.495,11248.6
1221,0,62,10,0.55,0,0,949,3136,47.7633,6679.77
1222,0,62,10,0.575,0,0,1586,4544,72.1464,10844.5
1223,0,62,10,0.6,0,0,1540,4416,71.9459,10538.9
1224,0,62,10,0.625,0,0,1462,4288,70.7936,10259
1225,0,62,10,0.65,0,0,421,1792,26.3696,3691.79
1226,0,62,10,0.675,0,0,1407,4160,75.403,10020.3
1227,0,62,10,0.7,0,0,1439,4160,75.6869,9976.36
1228,0,62,10,0.725,0,0,387,1664,28.5407,3413.74
1229,0,62,10,0.75,0,0,367,1664,23.8311,3367.78
1230,0,62,10,0.775,0,0,389,1664,26.0189,3394.8
1231,0,62,10,0.8,0,0,370,1600,23.8478,3251.17
1232,0,62,10,0.825,0,0,381,1600,24.0148,3265.41
1233,0,62,10,0.85,0,0,379,1600,24.0148,3265.41
1234,0,62,10,0.875,0,0,355,1536,24.0816,3120.94
1235,0,62,10,0.9,0,0,356,1536,24.0816,3137.13
1236,0,62,10,0.925,0,0,187,960,17.084,1866.35
1237,0,62,10,0.95,0,0,326,1472,19.3887,2959.87
1238,0,62,10,0.975,0,0,403,1472,20.5077,3029.49
1239,0,62,10,1,0,0,333,1472,19.4555,3001.01
1240,1,64,10,0.025,25,84,14492,38464,186.803,85864
1241,1,64,10,0.05,25,72,11218,29922,161.413,67957.8
1242,1,64,10,0.075,25,55,7708,20096,124.386,46752.4
1243,1,64,10,0.1,26,55,6699,17664,122.649,41517.8
1244,1,64,10,0.125,25,46,5018,13568,102.291,32251.6
1245,1,64,10,0.15,25,43,4488,12672,97.5148,29914
1246,1,64,10,0.175,25,41,3982,10816,94.0076,25633.3
1247,1,64,10,0.2,25,43,3717,10048,97.615,23809.3
1248,1,64,10,0.225,23,39,3094,8832,88.5298,20272.6
1249,1,64,10,0.25,26,38,3187,8448,87.1603,19993.8
1250,1,64,10,0.275,27,40,2837,7552,91.2854,17903
1251,1,64,10,0.3,25,39,2709,7552,88.6968,17845.7
1252,1,64,10,0.325,24,35,2423,6784,80.6971,15793.5
1253,1,64,10,0.35,24,38,2302,6464,86.8764,15268.9
1254,1,64,10,0.375,26,39,2179,6144,89.7155,14507.3
1255,1,64,10,0.4,27,39,2154,6144,88.2626,14370.6
1256,1,64,10,0.425,27,39,2043,5888,87.6613,13738.1
1257,1,64,10,0.45,26,40,1975,5504,91.1017,12985.2
1258,1,64,10,0.475,24,35,1922,5312,80.0959,12434.9
1259,1,64,10,0.5,26,35,1997,5248,79.144,12505.4
1260,0,64,10,0.525,0,0,1649,4736,71.328,11215
1261,0,64,10,0.55,0,0,937,3136,47.5963,6651.58
1262,0,64,10,0.575,0,0,1579,4544,71.9459,10811.9
1263,0,64,10,0.6,0,0,1539,4416,71.7121,10505.2
1264,0,64,10,0.625,0,0,1459,4288,70.5765,10224.3
1265,0,64,10,0.65,0,0,421,1792,26.2527,3672.28
1266,0,64,10,0.675,0,0,1410,4160,75.1692,9987.73
1267,0,64,10,0.7,0,0,1439,4160,75.4364,9940.52
1268,0,64,10,0.725,0,0,390,1664,28.3737,3393.13
1269,0,64,10,0.75,0,0,373,1664,23.7142,3350.43
1270,0,64,10,0.775,0,0,392,1664,25.902,3377.44
1271,0,64,10,0.8,0,0,375,1600,23.7309,3233.8
1272,0,64,10,0.825,0,0,386,1600,23.8979,3249.14
1273,0,64,10,0.85,0,0,384,1600,23.8979,3249.14
1274,0,64,10,0.875,0,0,360,1536,23.9647,3105.75
1275,0,64,10,0.9,0,0,360,1536,23.9647,3119.76
1276,0,64,10,0.925,0,0,193,960,16.9671,1852.13
1277,0,64,10,0.95,0,0,330,1472,19.3052,2944.68
1278,0,64,10,0.975,0,0,408,1472,20.3908,3014.26
1279,0,64,10,1,0,0,338,1472,19.372,2985.81
1280,1,66,10,0.025,25,84,14953,39666,186.803,88417.5
1281,1,66,10,0.05,25,72,11570,30856,161.413,69960.4
1282,1,66,10,0.075,25,55,7945,20724,124.386,48102.5
1283,1,66,10,0.1,26,55,6907,18216,122.649,42707
1284,1,66,10,0.125,25,46,5172,13992,102.291,33214.7
1285,1,66,10,0.15,25,43,4628,13068,97.5148,30860.9
1286,1,66,10,0.175,25,41,4098,11154,94.0076,26448.6
1287,1,66,10,0.2,25,43,3830,10362,97.615,24568.5
1288,1,66,10,0.225,23,39,3188,9108,88.5298,20923.1
1289,1,66,10,0.25,26,38,3290,8712,87.1603,20635.5
1290,1,66,10,0.275,27,40,2931,7788,91.2854,18480.4
1291,1,66,10,0.3,25,39,2792,7788,88.6968,18421.4
1292,1,66,10,0.325,24,35,2497,6996,80.6971,16276.6
1293,1,66,10,0.35,24,38,2380,6666,86.8764,15735.9
1294,1,66,10,0.375,26,39,2250,6336,89.7155,14950.9
1295,1,66,10,0.4,27,39,2224,6336,88.2626,14809.9
1296,1,66,10,0.425,27,39,2105,6072,87.6613,14157.9
1297,1,66,10,0.45,26,40,2036,5676,91.1017,13382
1298,1,66,10,0.475,24,35,1976,5478,80.0959,12814.6
1299,1,66,10,0.5,26,35,2060,5412,79.144,12887.4
1300,0,66,10,0.525,0,0,1706,4884,71.328,11557.3
1301,0,66,10,0.55,0,0,974,3234,47.5963,6854.72
1302,0,66,10,0.575,0,0,1636,4686,71.9459,11141.8
1303,0,66,10,0.6,0,0,1590,4554,71.7121,10825.7
1304,0,66,10,0.625,0,0,1507,4422,70.5765,10536.1
1305,0,66,10,0.65,0,0,439,1848,26.2527,3784.18
1306,0,66,10,0.675,0,0,1451,4290,75.1692,10292.3
1307,0,66,10,0.7,0,0,1482,4290,75.4364,10243.6
1308,0,66,10,0.725,0,0,402,1716,28.3737,3496.42
1309,0,66,10,0.75,0,0,381,1716,23.7142,3452.43
1310,0,66,10,0.775,0,0,403,1716,25.902,3480.27
1311,0,66,10,0.8,0,0,386,1650,23.7309,3332.21
1312,0,66,10,0.825,0,0,399,1650,23.8979,3348.02
1313,0,66,10,0.85,0,0,395,1650,23.8979,3348.02
1314,0,66,10,0.875,0,0,370,1584,23.9647,3200.22
1315,0,66,10,0.9,0,0,371,1584,23.9647,3214.66
1316,0,66,10,0.925,0,0,197,990,16.9671,1908.79
1317,0,66,10,0.95,0,0,337,1518,19.3052,3034.2
1318,0,66,10,0.975,0,0,418,1518,20.3908,3105.9
1319,0,66,10,1,0,0,349,1518,19.372,3076.58
1320,1,68,10,0.025,25,84,15871,42070,187.571,93831.1
1321,1,68,10,0.05,25,72,12283,32720,162.081,74195.6
1322,1,68,10,0.075,25,55,8437,21980,124.837,50951.5
1323,1,68,10,0.1,26,55,7333,19320,123.134,45223
1324,1,68,10,0.125,25,46,5490,14840,102.609,35127.3
1325,1,68,10,0.15,25,43,4915,13860,97.8655,32860.8
1326,1,68,10,0.175,25,41,4362,11830,94.3416,28173
1327,1,68,10,0.2,25,43,4075,10990,97.9323,26176.9
1328,1,68,10,0.225,23,39,3382,9660,88.8638,22296.5
1329,1,68,10,0.25,26,38,3494,9240,87.4275,21990.4
1330,1,68,10,0.275,27,40,3114,8260,91.6027,19704.2
1331,1,68,10,0.3,25,39,2975,8260,89.0141,19641.7
1332,1,68,10,0.325,24,35,2663,7420,80.9142,17357
1333,1,68,10,0.35,24,38,2528,7070,87.177,16749.3
1334,1,68,10,0.375,26,39,2387,6720,90.0162,15893.5
1335,1,68,10,0.4,27,39,2359,6720,88.5465,15741.7
1336,1,68,10,0.425,27,39,2239,6440,87.962,15048.5
1337,1,68,10,0.45,26,40,2164,6020,91.4524,14226.3
1338,1,68,10,0.475,24,35,2106,5810,80.3965,13622.8
1339,1,68,10,0.5,26,35,2191,5740,79.3945,13698.8
1340,0,68,10,0.525,0,0,1813,5180,71.495,12278.7
1341,0,68,10,0.55,0,0,1036,3430,47.7633,7291.77
1342,0,68,10,0.575,0,0,1734,4970,72.1464,11837.3
1343,0,68,10,0.6,0,0,1687,4830,71.9459,11503.5
1344,0,68,10,0.625,0,0,1602,4690,70.7936,11197.8
1345,0,68,10,0.65,0,0,461,1960,26.3696,4029.26
1346,0,68,10,0.675,0,0,1542,4550,75.403,10936.9
1347,0,68,10,0.7,0,0,1576,4550,75.6869,10888.9
1348,0,68,10,0.725,0,0,426,1820,28.5407,3725.52
1349,0,68,10,0.75,0,0,408,1820,23.8311,3675.37
1350,0,68,10,0.775,0,0,430,1820,26.0189,3704.89
1351,0,68,10,0.8,0,0,410,1750,23.8478,3548
1352,0,68,10,0.825,0,0,422,1750,24.0148,3563.54
1353,0,68,10,0.85,0,0,420,1750,24.0148,3563.54
1354,0,68,10,0.875,0,0,396,1680,24.0816,3405.73
1355,0,68,10,0.9,0,0,396,1680,24.0816,3423.41
1356,0,68,10,0.925,0,0,209,1050,17.084,2037.63
1357,0,68,10,0.95,0,0,362,1610,19.3887,3229.82
1358,0,68,10,0.975,0,0,445,1610,20.5077,3305.8
1359,0,68,10,1,0,0,368,1610,19.4555,3274.74
1360,1,70,10,0.025,25,84,16341,43272,187.571,96393.3
1361,1,70,10,0.05,25,72,12648,33656,162.081,76204.7
1362,1,70,10,0.075,25,55,8683,22608,124.837,52305.8
1363,1,70,10,0.1,26,55,7549,19872,123.134,46416
1364,1,70,10,0.125,25,46,5649,15264,102.609,36035.8
1365,1,70,10,0.15,25,43,5058,14256,97.8655,33705.5
1366,1,70,10,0.175,25,41,4481,12168,94.3416,28990.9
1367,1,70,10,0.2,25,43,4191,11304,97.9323,26938.6
1368,1,70,10,0.225,23,39,3487,9936,88.8638,22949
1369,1,70,10,0.25,26,38,3598,9504,87.4275,22634.2
1370,1,70,10,0.275,27,40,3201,8496,91.6027,20283.6
1371,1,70,10,0.3,25,39,3057,8496,89.0141,20219.3
1372,1,70,10,0.325,24,35,2733,7632,80.9142,17870.3
1373,1,70,10,0.35,24,38,2599,7272,87.177,17245.4
1374,1,70,10,0.375,26,39,2459,6912,90.0162,16338.6
1375,1,70,10,0.4,27,39,2428,6912,88.5465,16182.4
1376,1,70,10,0.425,27,39,2311,6624,87.962,15469.8
1377,1,70,10,0.45,26,40,2230,6192,91.4524,14624.4
1378,1,70,10,0.475,24,35,2170,5976,80.3965,14003.9
1379,1,70,10,0.5,26,35,2248,5904,79.3945,14082.1
1380,0,70,10,0.525,0,0,1870,5328,71.495,12622.1
1381,0,70,10,0.55,0,0,1062,3528,47.7633,7495.77
1382,0,70,10,0.575,0,0,1785,5112,72.1464,12168.2
1383,0,70,10,0.6,0,0,1728,4968,71.9459,11825
1384,0,70,10,0.625,0,0,1642,4824,70.7936,11510.7
1385,0,70,10,0.65,0,0,470,2016,26.3696,4141.76
1386,0,70,10,0.675,0,0,1587,4680,75.403,11242.5
1387,0,70,10,0.7,0,0,1619,4680,75.6869,11193.1
1388,0,70,10,0.725,0,0,436,1872,28.5407,3829.45
1389,0,70,10,0.75,0,0,412,1872,23.8311,3777.9
1390,0,70,10,0.775,0,0,438,1872,26.0189,3808.25
1391,0,70,10,0.8,0,0,417,1800,23.8478,3646.95
1392,0,70,10,0.825,0,0,431,1800,24.0148,3662.92
1393,0,70,10,0.85,0,0,429,1800,24.0148,3662.92
1394,0,70,10,0.875,0,0,400,1728,24.0816,3500.65
1395,0,70,10,0.9,0,0,402,1728,24.0816,3518.83
1396,0,70,10,0.925,0,0,215,1080,17.084,2094.39
1397,0,70,10,0.95,0,0,368,1656,19.3887,3319.8
1398,0,70,10,0.975,0,0,459,1656,20.5077,3397.91
1399,0,70,10,1,0,0,381,1656,19.4555,3365.98
1400,1,72,10,0.025,25,84,16808,44474,187.571,98955.5
1401,1,72,10,0.05,25,72,13003,34590,162.081,78213.8
1402,1,72,10,0.075,25,55,8929,23236,124.837,53660.1
1403,1,72,10,0.1,26,55,7763,20424,123.134,47609
1404,1,72,10,0.125,25,46,5809,15688,102.609,36944.4
1405,1,72,10,0.15,25,43,5203,14652,97.8655,34550.2
1406,1,72,10,0.175,25,41,4615,12506,94.3416,29808.8
1407,1,72,10,0.2,25,43,4313,11618,97.9323,27700.3
1408,1,72,10,0.225,23,39,3584,10212,88.8638,23601.5
1409,1,72,10,0.25,26,38,3700,9768,87.4275,23278
1410,1,72,10,0.275,27,40,3297,8732,91.6027,20862.9
1411,1,72,10,0.3,25,39,3146,8732,89.0141,20796.9
1412,1,72,10,0.325,24,35,2810,7844,80.9142,18383.5
1413,1,72,10,0.35,24,38,2670,7474,87.177,17741.6
1414,1,72,10,0.375,26,39,2527,7104,90.0162,16807.2
1415,1,72,10,0.4,27,39,2493,7104,88.5465,16637.3
1416,1,72,10,0.425,27,39,2358,6808,87.962,15891
1417,1,72,10,0.45,26,40,2282,6364,91.4524,15022.6
1418,1,72,10,0.475,24,35,2230,6142,80.3965,14385
1419,1,72,10,0.5,26,35,2318,6068,79.3945,14465.4
1420,0,72,10,0.525,0,0,1914,5476,71.495,12965.5
1421,0,72,10,0.55,0,0,1097,3626,47.7633,7699.77
1422,0,72,10,0.575,0,0,1836,5254,72.1464,12499.1
1423,0,72,10,0.6,0,0,1789,5106,71.9459,12146.6
1424,0,72,10,0.625,0,0,1695,4958,70.7936,11823.6
1425,0,72,10,0.65,0,0,493,2072,26.3696,4254.25
1426,0,72,10,0.675,0,0,1634,4810,75.403,11548
1427,0,72,10,0.7,0,0,1667,4810,75.6869,11497.2
1428,0,72,10,0.725,0,0,453,1924,28.5407,3933.37
1429,0,72,10,0.75,0,0,430,1924,23.8311,3880.43
1430,0,72,10,0.775,0,0,454,1924,26.0189,3911.61
1431,0,72,10,0.8,0,0,434,1850,23.8478,3745.89
1432,0,72,10,0.825,0,0,447,1850,24.0148,3762.29
1433,0,72,10,0.85,0,0,443,1850,24.0148,3762.29
1434,0,72,10,0.875,0,0,417,1776,24.0816,3595.58
1435,0,72,10,0.9,0,0,418,1776,24.0816,3614.26
1436,0,72,10,0.925,0,0,222,1110,17.084,2151.06
1437,0,72,10,0.95,0,0,381,1702,19.3887,3409.78
1438,0,72,10,0.975,0,0,472,1702,20.5077,3490.01
1439,0,72,10,1,0,0,394,1702,19.4555,3457.22
1440,1,74,10,0.025,25,84,16681,44474,186.803,98631.8
1441,1,74,10,0.05,25,72,12905,34596,161.413,77970.9
1442,1,74,10,0.075,25,55,8868,23236,124.386,53502.8
1443,1,74,10,0.1,26,55,7705,20424,122.649,47463.5
1444,1,74,10,0.125,25,46,5765,15688,102.291,36837.6
1445,1,74,10,0.15,25,43,5159,14652,97.5148,34439.8
1446,1,74,10,0.175,25,41,4584,12506,94.0076,29709.7
1447,1,74,10,0.2,25,43,4268,11618,97.615,27605.2
1448,1,74,10,0.225,23,39,3551,10212,88.5298,23524.8
1449,1,74,10,0.25,26,38,3674,9768,87.1603,23202.7
1450,1,74,10,0.275,27,40,3264,8732,91.2854,20790.2
1451,1,74,10,0.3,25,39,3107,8732,88.6968,20724.1
1452,1,74,10,0.325,24,35,2778,7844,80.6971,18316
1453,1,74,10,0.35,24,38,2646,7474,86.8764,17675.5
1454,1,74,10,0.375,26,39,2502,7104,89.7155,16745
1455,1,74,10,0.4,27,39,2468,7104,88.2626,16577.7
1456,1,74,10,0.425,27,39,2342,6808,87.6613,15837.2
1457,1,74,10,0.45,26,40,2267,6364,91.1017,14968.8
1458,1,74,10,0.475,24,35,2192,6142,80.0959,14333.7
1459,1,74,10,0.5,26,35,2281,6068,79.144,14415.4
1460,0,74,10,0.525,0,0,1895,5476,71.328,12926.7
1461,0,74,10,0.55,0,0,1076,3626,47.5963,7667.26
1462,0,74,10,0.575,0,0,1816,5254,71.9459,12461.6
1463,0,74,10,0.6,0,0,1765,5106,71.7121,12107.8
1464,0,74,10,0.625,0,0,1676,4958,70.5765,11783.5
1465,0,74,10,0.65,0,0,477,2072,26.2527,4231.75
1466,0,74,10,0.675,0,0,1618,4810,75.1692,11510.4
1467,0,74,10,0.7,0,0,1650,4810,75.4364,11455.9
1468,0,74,10,0.725,0,0,441,1924,28.3737,3909.6
1469,0,74,10,0.75,0,0,423,1924,23.7142,3860.43
1470,0,74,10,0.775,0,0,445,1924,25.902,3891.59
1471,0,74,10,0.8,0,0,424,1850,23.7309,3725.87
1472,0,74,10,0.825,0,0,439,1850,23.8979,3743.53
1473,0,74,10,0.85,0,0,437,1850,23.8979,3743.53
1474,0,74,10,0.875,0,0,410,1776,23.9647,3578.07
1475,0,74,10,0.9,0,0,411,1776,23.9647,3594.24
1476,0,74,10,0.925,0,0,217,1110,16.9671,2134.79
1477,0,74,10,0.95,0,0,372,1702,19.3052,3392.26
1478,0,74,10,0.975,0,0,458,1702,20.3908,3472.46
1479,0,74,10,1,0,0,380,1702,19.372,3439.69
1480,1,76,10,0.025,25,84,17178,45676,186.803,101185
1481,1,76,10,0.05,25,72,13302,35532,161.413,79973.5
1482,1,76,10,0.075,25,55,9138,23864,124.386,54852.9
1483,1,76,10,0.1,26,55,7937,20976,122.649,48652.6
1484,1,76,10,0.125,25,46,5934,16112,102.291,37743.3
1485,1,76,10,0.15,25,43,5311,15048,97.5148,35281.6
1486,1,76,10,0.175,25,41,4710,12844,94.0076,30524.9
1487,1,76,10,0.2,25,43,4398,11932,97.615,28364.3
1488,1,76,10,0.225,23,39,3655,10488,88.5298,24175.2
1489,1,76,10,0.25,26,38,3773,10032,87.1603,23844.4
1490,1,76,10,0.275,27,40,3354,8968,91.2854,21367.6
1491,1,76,10,0.3,25,39,3210,8968,88.6968,21299.8
1492,1,76,10,0.325,24,35,2872,8056,80.6971,18827.5
1493,1,76,10,0.35,24,38,2726,7676,86.8764,18169.9
1494,1,76,10,0.375,26,39,2568,7296,89.7155,17214.7
1495,1,76,10,0.4,27,39,2545,7296,88.2626,17042.8
1496,1,76,10,0.425,27,39,2413,6992,87.6613,16257
1497,1,76,10,0.45,26,40,2333,6536,91.1017,15365.5
1498,1,76,10,0.475,24,35,2257,6308,80.0959,14713.5
1499,1,76,10,0.5,26,35,2352,6232,79.144,14797.4
1500,0,76,10,0.525,0,0,1940,5624,71.328,13269.1
1501,0,76,10,0.55,0,0,1105,3724,47.5963,7870.4
1502,0,76,10,0.575,0,0,1861,5396,71.9459,12791.5
1503,0,76,10,0.6,0,0,1817,5244,71.7121,12428.3
1504,0,76,10,0.625,0,0,1720,5092,70.5765,12095.3
1505,0,76,10,0.65,0,0,495,2128,26.2527,4343.65
1506,0,76,10,0.675,0,0,1659,4940,75.1692,11815
1507,0,76,10,0.7,0,0,1694,4940,75.4364,11759
1508,0,76,10,0.725,0,0,459,1976,28.3737,4012.9
1509,0,76,10,0.75,0,0,438,1976,23.7142,3962.43
1510,0,76,10,0.775,0,0,461,1976,25.902,3994.42
1511,0,76,10,0.8,0,0,442,1900,23.7309,3824.28
1512,0,76,10,0.825,0,0,455,1900,23.8979,3842.41
1513,0,76,10,0.85,0,0,453,1900,23.8979,3842.41
1514,0,76,10,0.875,0,0,424,1824,23.9647,3672.53
1515,0,76,10,0.9,0,0,424,1824,23.9647,3689.13
1516,0,76,10,0.925,0,0,226,1140,16.9671,2191.04
1517,0,76,10,0.95,0,0,386,1748,19.3052,3481.78
1518,0,76,10,0.975,0,0,477,1748,20.3908,3564.11
1519,0,76,10,1,0,0,394,1748,19.372,3530.47
1520,1,78,10,0.025,25,84,17629,46878,186.803,103739
1521,1,78,10,0.05,25,72,13630,36466,161.413,81976.2
1522,1,78,10,0.075,25,55,9363,24492,124.386,56203
1523,1,78,10,0.1,26,55,8136,21528,122.649,49841.7
1524,1,78,10,0.125,25,46,6095,16536,102.291,38649
1525,1,78,10,0.15,25,43,5444,15444,97.5148,36123.3
1526,1,78,10,0.175,25,41,4829,13182,94.0076,31340.2
1527,1,78,10,0.2,25,43,4512,12246,97.615,29123.5
1528,1,78,10,0.225,23,39,3753,10764,88.5298,24825.6
1529,1,78,10,0.25,26,38,3871,10296,87.1603,24486.2
1530,1,78,10,0.275,27,40,3447,9204,91.2854,21945.1
1531,1,78,10,0.3,25,39,3286,9204,88.6968,21875.5
1532,1,78,10,0.325,24,35,2934,8268,80.6971,19339
1533,1,78,10,0.35,24,38,2794,7878,86.8764,18664.4
1534,1,78,10,0.375,26,39,2645,7488,89.7155,17684.3
1535,1,78,10,0.4,27,39,2613,7488,88.2626,17508
1536,1,78,10,0.425,27,39,2472,7176,87.6613,16694.1
1537,1,78,10,0.45,26,40,2390,6708,91.1017,15762.2
1538,1,78,10,0.475,24,35,2315,6474,80.0959,15093.3
1539,1,78,10,0.5,26,35,2409,6396,79.144,15179.4
1540,0,78,10,0.525,0,0,1996,5772,71.328,13611.5
1541,0,78,10,0.55,0,0,1132,3822,47.5963,8073.54
1542,0,78,10,0.575,0,0,1913,5538,71.9459,13121.4
1543,0,78,10,0.6,0,0,1868,5382,71.7121,12748.8
1544,0,78,10,0.625,0,0,1761,5226,70.5765,12407.2
1545,0,78,10,0.65,0,0,510,2184,26.2527,4455.54
1546,0,78,10,0.675,0,0,1696,5070,75.1692,12119.5
1547,0,78,10,0.7,0,0,1734,5070,75.4364,12062.1
1548,0,78,10,0.725,0,0,469,2028,28.3737,4116.19
1549,0,78,10,0.75,0,0,447,2028,23.7142,4064.43
1550,0,78,10,0.775,0,0,471,2028,25.902,4097.25
1551,0,78,10,0.8,0,0,452,1950,23.7309,3922.7
1552,0,78,10,0.825,0,0,468,1950,23.8979,3941.29
1553,0,78,10,0.85,0,0,462,1950,23.8979,3941.29
1554,0,78,10,0.875,0,0,433,1872,23.9647,3766.99
1555,0,78,10,0.9,0,0,434,1872,23.9647,3784.03
1556,0,78,10,0.925,0,0,231,1170,16.9671,2247.29
1557,0,78,10,0.95,0,0,393,1794,19.3052,3571.29
1558,0,78,10,0.975,0,0,490,1794,20.3908,3655.75
1559,0,78,10,1,0,0,407,1794,19.372,3621.25
1560,1,80,10,0.025,25,84,17950,48080,186.803,106292
1561,1,80,10,0.05,25,72,13892,37402,161.413,83978.8
1562,1,80,10,0.075,25,55,9542,25120,124.386,57553.1
1563,1,80,10,0.1,26,55,8291,22080,122.649,51030.8
1564,1,80,10,0.125,25,46,6209,16960,102.291,39554.7
1565,1,80,10,0.15,25,43,5553,15840,97.5148,36965.1
1566,1,80,10,0.175,25,41,4924,13520,94.0076,32155.5
1567,1,80,10,0.2,25,43,4599,12560,97.615,29882.7
1568,1,80,10,0.225,23,39,3830,11040,88.5298,25476
1569,1,80,10,0.25,26,38,3943,10560,87.1603,25128
1570,1,80,10,0.275,27,40,3500,9440,91.2854,22522.5
1571,1,80,10,0.3,25,39,3340,9440,88.6968,22451.2
1572,1,80,10,0.325,24,35,2987,8480,80.6971,19850.4
1573,1,80,10,0.35,24,38,2843,8080,86.8764,19158.8
1574,1,80,10,0.375,26,39,2696,7680,89.7155,18153.9
1575,1,80,10,0.4,27,39,2666,7680,88.2626,17973.1
1576,1,80,10,0.425,27,39,2531,7360,87.6613,17138.6
1577,1,80,10,0.45,26,40,2440,6880,91.1017,16158.9
1578,1,80,10,0.475,24,35,2367,6640,80.0959,15473.1
1579,1,80,10,0.5,26,35,2453,6560,79.144,15561.4
1580,0,80,10,0.525,0,0,2032,5920,71.328,13953.8
1581,0,80,10,0.55,0,0,1153,3920,47.5963,8276.67
1582,0,80,10,0.575,0,0,1943,5680,71.9459,13451.4
1583,0,80,10,0.6,0,0,1888,5520,71.7121,13069.3
1584,0,80,10,0.625,0,0,1793,5360,70.5765,12719
1585,0,80,10,0.65,0,0,515,2240,26.2527,4567.44
1586,0,80,10,0.675,0,0,1738,5200,75.1692,12424
1587,0,80,10,0.7,0,0,1773,5200,75.4364,12365.1
1588,0,80,10,0.725,0,0,480,2080,28.3737,4219.49
1589,0,80,10,0.75,0,0,457,2080,23.7142,4166.43
1590,0,80,10,0.775,0,0,482,2080,25.902,4200.08
1591,0,80,10,0.8,0,0,460,2000,23.7309,4021.11
1592,0,80,10,0.825,0,0,474,2000,23.8979,4040.17
1593,0,80,10,0.85,0,0,472,2000,23.8979,4040.17
1594,0,80,10,0.875,0,0,440,1920,23.9647,3861.46
1595,0,80,10,0.9,0,0,442,1920,23.9647,3878.92
1596,0,80,10,0.925,0,0,236,1200,16.9671,2303.53
1597,0,80,10,0.95,0,0,403,1840,19.3052,3660.81
1598,0,80,10,0.975,0,0,502,1840,20.3908,3747.39
1599,0,80,10,1,0,0,415,1840,19.372,3712.03
1600,1,82,10,0.025,25,84,18466,49282,186.803,108846
1601,1,82,10,0.05,25,72,14285,38336,161.413,85981.4
1602,1,82,10,0.075,25,55,9822,25748,124.386,58903.2
1603,1,82,10,0.1,26,55,8543,22632,122.649,52219.9
1604,1,82,10,0.125,25,46,6389,17384,102.291,40460.4
1605,1,82,10,0.15,25,43,5717,16236,97.5148,37806.8
1606,1,82,10,0.175,25,41,5070,13858,94.0076,32948.2
1607,1,82,10,0.2,25,43,4726,12874,97.615,30641.8
1608,1,82,10,0.225,23,39,3932,11316,88.5298,26126.4
1609,1,82,10,0.25,26,38,4065,10824,87.1603,25769.7
1610,1,82,10,0.275,27,40,3618,9676,91.2854,23100
1611,1,82,10,0.3,25,39,3443,9676,88.6968,23026.8
1612,1,82,10,0.325,24,35,3072,8692,80.6971,20361.8
1613,1,82,10,0.35,24,38,2917,8282,86.8764,19653.2
1614,1,82,10,0.375,26,39,2771,7872,89.7155,18623.5
1615,1,82,10,0.4,27,39,2738,7872,88.2626,18438.2
1616,1,82,10,0.425,27,39,2601,7544,87.6613,17583.1
1617,1,82,10,0.45,26,40,2514,7052,91.1017,16565.7
1618,1,82,10,0.475,24,35,2435,6806,80.0959,15852.8
1619,1,82,10,0.5,26,35,2534,6724,79.144,15943.4
1620,0,82,10,0.525,0,0,2097,6068,71.328,14296.2
1621,0,82,10,0.55,0,0,1188,4018,47.5963,8479.81
1622,0,82,10,0.575,0,0,2010,5822,71.9459,13781.3
1623,0,82,10,0.6,0,0,1954,5658,71.7121,13389.8
1624,0,82,10,0.625,0,0,1850,5494,70.5765,13030.9
1625,0,82,10,0.65,0,0,526,2296,26.2527,4679.33
1626,0,82,10,0.675,0,0,1788,5330,75.1692,12728.6
1627,0,82,10,0.7,0,0,1826,5330,75.4364,12668.2
1628,0,82,10,0.725,0,0,489,2132,28.3737,4322.78
1629,0,82,10,0.75,0,0,467,2132,23.7142,4268.43
1630,0,82,10,0.775,0,0,492,2132,25.902,4302.91
1631,0,82,10,0.8,0,0,471,2050,23.7309,4119.53
1632,0,82,10,0.825,0,0,484,2050,23.8979,4139.05
1633,0,82,10,0.85,0,0,480,2050,23.8979,4139.05
1634,0,82,10,0.875,0,0,448,1968,23.9647,3955.92
1635,0,82,10,0.9,0,0,449,1968,23.9647,3973.82
1636,0,82,10,0.925,0,0,240,1230,16.9671,2359.78
1637,0,82,10,0.95,0,0,408,1886,19.3052,3750.32
1638,0,82,10,0.975,0,0,512,1886,20.3908,3839.03
1639,0,82,10,1,0,0,423,1886,19.372,3802.8
1640,1,84,10,0.025,25,84,19503,51686,187.571,114329
1641,1,84,10,0.05,25,72,15088,40200,162.081,90268.3
1642,1,84,10,0.075,25,55,10356,27004,124.837,61785.8
1643,1,84,10,0.1,26,55,9007,23736,123.134,54767
1644,1,84,10,0.125,25,46,6739,18232,102.609,42395.8
1645,1,84,10,0.15,25,43,6036,17028,97.8655,39618.3
1646,1,84,10,0.175,25,41,5351,14534,94.3416,34499.7
1647,1,84,10,0.2,25,43,4990,13502,97.9323,32270.4
1648,1,84,10,0.225,23,39,4145,11868,88.8638,27516.2
1649,1,84,10,0.25,26,38,4286,11352,87.4275,27140.6
1650,1,84,10,0.275,27,40,3813,10148,91.6027,24339.2
1651,1,84,10,0.3,25,39,3644,10148,89.0141,24262.6
1652,1,84,10,0.325,24,35,3256,9116,80.9142,21463
1653,1,84,10,0.35,24,38,3087,8686,87.177,20718.8
1654,1,84,10,0.375,26,39,2926,8256,90.0162,19634.8
1655,1,84,10,0.4,27,39,2884,8256,88.5465,19437.4
1656,1,84,10,0.425,27,39,2735,7912,87.962,18538.1
1657,1,84,10,0.45,26,40,2644,7396,91.4524,17471.8
1658,1,84,10,0.475,24,35,2574,7138,80.3965,16688.8
1659,1,84,10,0.5,26,35,2675,7052,79.3945,16787.8
1660,0,84,10,0.525,0,0,2215,6364,71.495,15025.8
1661,0,84,10,0.55,0,0,1268,4214,47.7633,8923.77
1662,0,84,10,0.575,0,0,2124,6106,72.1464,14484.7
1663,0,84,10,0.6,0,0,2064,5934,71.9459,14075.8
1664,0,84,10,0.625,0,0,1958,5762,70.7936,13701
1665,0,84,10,0.65,0,0,566,2408,26.3696,4929.2
1666,0,84,10,0.675,0,0,1889,5590,75.403,13381.2
1667,0,84,10,0.7,0,0,1928,5590,75.6869,13322.3
1668,0,84,10,0.725,0,0,522,2236,28.5407,4556.93
1669,0,84,10,0.75,0,0,497,2236,23.8311,4495.62
1670,0,84,10,0.775,0,0,526,2236,26.0189,4531.78
1671,0,84,10,0.8,0,0,501,2150,23.8478,4339.56
1672,0,84,10,0.825,0,0,514,2150,24.0148,4358.56
1673,0,84,10,0.85,0,0,510,2150,24.0148,4358.56
1674,0,84,10,0.875,0,0,481,2064,24.0816,4165.15
1675,0,84,10,0.9,0,0,482,2064,24.0816,4186.81
1676,0,84,10,0.925,0,0,255,1290,17.084,2491.13
1677,0,84,10,0.95,0,0,439,1978,19.3887,3949.66
1678,0,84,10,0.975,0,0,545,1978,20.5077,4042.65
1679,0,84,10,1,0,0,453,1978,19.4555,4004.68
1680,1,86,10,0.025,25,84,19956,52888,187.571,116891
1681,1,86,10,0.05,25,72,15435,41136,162.081,92277.4
1682,1,86,10,0.075,25,55,10598,27632,124.837,63140.1
1683,1,86,10,0.1,26,55,9217,24288,123.134,55960
1684,1,86,10,0.125,25,46,6897,18656,102.609,43304.3
1685,1,86,10,0.15,25,43,6169,17424,97.8655,40463
1686,1,86,10,0.175,25,41,5468,14872,94.3416,35226.8
1687,1,86,10,0.2,25,43,5101,13816,97.9323,33002.8
1688,1,86,10,0.225,23,39,4242,12144,88.8638,28168.7
1689,1,86,10,0.25,26,38,4381,11616,87.4275,27784.4
1690,1,86,10,0.275,27,40,3900,10384,91.6027,24918.6
1691,1,86,10,0.3,25,39,3723,10384,89.0141,24840.2
1692,1,86,10,0.325,24,35,3327,9328,80.9142,21976.2
1693,1,86,10,0.35,24,38,3164,8888,87.177,21215
1694,1,86,10,0.375,26,39,2988,8448,90.0162,20106.1
1695,1,86,10,0.4,27,39,2957,8448,88.5465,19904.1
1696,1,86,10,0.425,27,39,2806,8096,87.962,18984.2
1697,1,86,10,0.45,26,40,2708,7568,91.4524,17893.4
1698,1,86,10,0.475,24,35,2617,7304,80.3965,17092.3
1699,1,86,10,0.5,26,35,2729,7216,79.3945,17193.7
1700,0,86,10,0.525,0,0,2263,6512,71.495,15369.2
1701,0,86,10,0.55,0,0,1290,4312,47.7633,9127.77
1702,0,86,10,0.575,0,0,2171,6248,72.1464,14815.7
1703,0,86,10,0.6,0,0,2116,6072,71.9459,14397.4
1704,0,86,10,0.625,0,0,2007,5896,70.7936,14013.9
1705,0,86,10,0.65,0,0,578,2464,26.3696,5041.69
1706,0,86,10,0.675,0,0,1930,5720,75.403,13686.7
1707,0,86,10,0.7,0,0,1967,5720,75.6869,13626.4
1708,0,86,10,0.725,0,0,534,2288,28.5407,4660.85
1709,0,86,10,0.75,0,0,508,2288,23.8311,4598.15
1710,0,86,10,0.775,0,0,536,2288,26.0189,4635.14
1711,0,86,10,0.8,0,0,513,2200,23.8478,4438.51
1712,0,86,10,0.825,0,0,527,2200,24.0148,4457.93
1713,0,86,10,0.85,0,0,522,2200,24.0148,4457.93
1714,0,86,10,0.875,0,0,490,2112,24.0816,4260.08
1715,0,86,10,0.9,0,0,491,2112,24.0816,4282.24
1716,0,86,10,0.925,0,0,260,1320,17.084,2547.81
1717,0,86,10,0.95,0,0,448,2024,19.3887,4039.64
1718,0,86,10,0.975,0,0,554,2024,20.5077,4134.75
1719,0,86,10,1,0,0,462,2024,19.4555,4095.92
1720,1,88,10,0.025,25,84,19812,52888,186.803,116507
1721,1,88,10,0.05,25,72,15341,41142,161.413,91989.3
1722,1,88,10,0.075,25,55,10529,27632,124.386,62953.5
1723,1,88,10,0.1,26,55,9147,24288,122.649,55787.3
1724,1,88,10,0.125,25,46,6852,18656,102.291,43177.6
1725,1,88,10,0.15,25,43,6130,17424,97.5148,40332.1
1726,1,88,10,0.175,25,41,5445,14872,94.0076,35122.3
1727,1,88,10,0.2,25,43,5070,13816,97.615,32902.5
1728,1,88,10,0.225,23,39,4222,12144,88.5298,28077.7
1729,1,88,10,0.25,26,38,4354,11616,87.1603,27695.1
1730,1,88,10,0.275,27,40,3870,10384,91.2854,24832.3
1731,1,88,10,0.3,25,39,3693,10384,88.6968,24753.9
1732,1,88,10,0.325,24,35,3294,9328,80.6971,21896.2
1733,1,88,10,0.35,24,38,3132,8888,86.8764,21136.5
1734,1,88,10,0.375,26,39,2972,8448,89.7155,20032.3
1735,1,88,10,0.4,27,39,2933,8448,88.2626,19833.5
1736,1,88,10,0.425,27,39,2784,8096,87.6613,18916.6
1737,1,88,10,0.45,26,40,2685,7568,91.1017,17825.8
1738,1,88,10,0.475,24,35,2611,7304,80.0959,17027.9
1739,1,88,10,0.5,26,35,2710,7216,79.144,17130.9
1740,0,88,10,0.525,0,0,2247,6512,71.328,15323.2
1741,0,88,10,0.55,0,0,1277,4312,47.5963,9089.22
1742,0,88,10,0.575,0,0,2158,6248,71.9459,14771.1
1743,0,88,10,0.6,0,0,2093,6072,71.7121,14351.3
1744,0,88,10,0.625,0,0,1987,5896,70.5765,13966.4
1745,0,88,10,0.65,0,0,570,2464,26.2527,5015.02
1746,0,88,10,0.675,0,0,1923,5720,75.1692,13642.2
1747,0,88,10,0.7,0,0,1956,5720,75.4364,13577.5
1748,0,88,10,0.725,0,0,529,2288,28.3737,4632.67
1749,0,88,10,0.75,0,0,507,2288,23.7142,4574.43
1750,0,88,10,0.775,0,0,533,2288,25.902,4611.4
1751,0,88,10,0.8,0,0,508,2200,23.7309,4414.77
1752,0,88,10,0.825,0,0,524,2200,23.8979,4435.69
1753,0,88,10,0.85,0,0,523,2200,23.8979,4435.69
1754,0,88,10,0.875,0,0,487,2112,23.9647,4239.31
1755,0,88,10,0.9,0,0,488,2112,23.9647,4258.5
1756,0,88,10,0.925,0,0,260,1320,16.9671,2528.52
1757,0,88,10,0.95,0,0,445,2024,19.3052,4018.87
1758,0,88,10,0.975,0,0,553,2024,20.3908,4113.95
1759,0,88,10,1,0,0,458,2024,19.372,4075.13
1760,1,90,10,0.025,25,84,20227,54090,186.803,119060
1761,1,90,10,0.05,25,72,15654,42078,161.413,93991.9
1762,1,90,10,0.075,25,55,10741,28260,124.386,64303.6
1763,1,90,10,0.1,26,55,9342,24840,122.649,56976.4
1764,1,90,10,0.125,25,46,6978,19080,102.291,44083.3
1765,1,90,10,0.15,25,43,6249,17820,97.5148,41173.8
1766,1,90,10,0.175,25,41,5523,15210,94.0076,35847
1767,1,90,10,0.2,25,43,5168,14130,97.615,33577.3
1768,1,90,10,0.225,23,39,4302,12420,88.5298,28728.1
1769,1,90,10,0.25,26,38,4438,11880,87.1603,28336.8
1770,1,90,10,0.275,27,40,3945,10620,91.2854,25409.7
1771,1,90,10,0.3,25,39,3756,10620,88.6968,25329.6
1772,1,90,10,0.325,24,35,3361,9540,80.6971,22407.6
1773,1,90,10,0.35,24,38,3204,9090,86.8764,21630.9
1774,1,90,10,0.375,26,39,3021,8640,89.7155,20501.9
1775,1,90,10,0.4,27,39,2991,8640,88.2626,20298.6
1776,1,90,10,0.425,27,39,2836,8280,87.6613,19361.1
1777,1,90,10,0.45,26,40,2744,7740,91.1017,18245.9
1778,1,90,10,0.475,24,35,2655,7470,80.0959,17430
1779,1,90,10,0.5,26,35,2762,7380,79.144,17535.3
1780,0,90,10,0.525,0,0,2293,6660,71.328,15665.6
1781,0,90,10,0.55,0,0,1301,4410,47.5963,9292.36
1782,0,90,10,0.575,0,0,2186,6390,71.9459,15101.1
1783,0,90,10,0.6,0,0,2127,6210,71.7121,14671.8
1784,0,90,10,0.625,0,0,2014,6030,70.5765,14278.3
1785,0,90,10,0.65,0,0,581,2520,26.2527,5126.91
1786,0,90,10,0.675,0,0,1947,5850,75.1692,13946.7
1787,0,90,10,0.7,0,0,1991,5850,75.4364,13880.5
1788,0,90,10,0.725,0,0,537,2340,28.3737,4735.96
1789,0,90,10,0.75,0,0,509,2340,23.7142,4676.43
1790,0,90,10,0.775,0,0,539,2340,25.902,4714.23
1791,0,90,10,0.8,0,0,516,2250,23.7309,4513.18
1792,0,90,10,0.825,0,0,537,2250,23.8979,4534.57
1793,0,90,10,0.85,0,0,533,2250,23.8979,4534.57
1794,0,90,10,0.875,0,0,495,2160,23.9647,4333.77
1795,0,90,10,0.9,0,0,495,2160,23.9647,4353.39
1796,0,90,10,0.925,0,0,264,1350,16.9671,2584.76
1797,0,90,10,0.95,0,0,452,2070,19.3052,4108.39
1798,0,90,10,0.975,0,0,562,2070,20.3908,4205.59
1799,0,90,10,1,0,0,468,2070,19.372,4165.91
1800,1,92,10,0.025,25,84,20767,55292,186.803,121614
1801,1,92,10,0.05,25,72,16062,43012,161.413,95994.5
1802,1,92,10,0.075,25,55,11032,28888,124.386,65653.7
1803,1,92,10,0.1,26,55,9597,25392,122.649,58165.6
1804,1,92,10,0.125,25,46,7170,19504,102.291,44989
1805,1,92,10,0.15,25,43,6419,18216,97.5148,42015.6
1806,1,92,10,0.175,25,41,5681,15548,94.0076,36571.6
1807,1,92,10,0.2,25,43,5308,14444,97.615,34252.1
1808,1,92,10,0.225,23,39,4413,12696,88.5298,29378.6
1809,1,92,10,0.25,26,38,4557,12144,87.1603,28978.6
1810,1,92,10,0.275,27,40,4051,10856,91.2854,25987.2
1811,1,92,10,0.3,25,39,3865,10856,88.6968,25905.2
1812,1,92,10,0.325,24,35,3459,9752,80.6971,22919.1
1813,1,92,10,0.35,24,38,3281,9292,86.8764,22125.4
1814,1,92,10,0.375,26,39,3105,8832,89.7155,20971.6
1815,1,92,10,0.4,27,39,3069,8832,88.2626,20763.7
1816,1,92,10,0.425,27,39,2911,8464,87.6613,19805.7
1817,1,92,10,0.45,26,40,2818,7912,91.1017,18665.9
1818,1,92,10,0.475,24,35,2720,7636,80.0959,17832.2
1819,1,92,10,0.5,26,35,2839,7544,79.144,17939.8
1820,0,92,10,0.525,0,0,2340,6808,71.328,16008
1821,0,92,10,0.55,0,0,1330,4508,47.5963,9495.5
1822,0,92,10,0.575,0,0,2239,6532,71.9459,15431
1823,0,92,10,0.6,0,0,2187,6348,71.7121,14992.3
1824,0,92,10,0.625,0,0,2068,6164,70.5765,14590.1
1825,0,92,10,0.65,0,0,600,2576,26.2527,5238.8
1826,0,92,10,0.675,0,0,1996,5980,75.1692,14251.3
1827,0,92,10,0.7,0,0,2040,5980,75.4364,14183.6
1828,0,92,10,0.725,0,0,554,2392,28.3737,4839.25
1829,0,92,10,0.75,0,0,526,2392,23.7142,4778.43
1830,0,92,10,0.775,0,0,555,2392,25.902,4817.06
1831,0,92,10,0.8,0,0,533,2300,23.7309,4611.6
1832,0,92,10,0.825,0,0,549,2300,23.8979,4633.45
1833,0,92,10,0.85,0,0,543,2300,23.8979,4633.45
1834,0,92,10,0.875,0,0,510,2208,23.9647,4428.23
1835,0,92,10,0.9,0,0,509,2208,23.9647,4448.29
1836,0,92,10,0.925,0,0,271,1380,16.9671,2641.01
1837,0,92,10,0.95,0,0,463,2116,19.3052,4197.9
1838,0,92,10,0.975,0,0,576,2116,20.3908,4297.23
1839,0,92,10,1,0,0,478,2116,19.372,4256.69
1840,1,94,10,0.025,25,84,21165,56494,186.803,124167
1841,1,94,10,0.05,25,72,16387,43948,161.413,97997.2
1842,1,94,10,0.075,25,55,11251,29516,124.386,67003.7
1843,1,94,10,0.1,26,55,9775,25944,122.649,59354.7
1844,1,94,10,0.125,25,46,7315,19928,102.291,45894.7
1845,1,94,10,0.15,25,43,6543,18612,97.5148,42857.3
1846,1,94,10,0.175,25,41,5802,15886,94.0076,37296.3
1847,1,94,10,0.2,25,43,5418,14758,97.615,34926.9
1848,1,94,10,0.225,23,39,4508,12972,88.5298,30029
1849,1,94,10,0.25,26,38,4654,12408,87.1603,29620.4
1850,1,94,10,0.275,27,40,4143,11092,91.2854,26564.6
1851,1,94,10,0.3,25,39,3943,11092,88.6968,26480.9
1852,1,94,10,0.325,24,35,3523,9964,80.6971,23430.5
1853,1,94,10,0.35,24,38,3353,9494,86.8764,22619.8
1854,1,94,10,0.375,26,39,3175,9024,89.7155,21441.2
1855,1,94,10,0.4,27,39,3131,9024,88.2626,21228.9
1856,1,94,10,0.425,27,39,2972,8648,87.6613,20250.2
1857,1,94,10,0.45,26,40,2872,8084,91.1017,19086
1858,1,94,10,0.475,24,35,2791,7802,80.0959,18234.3
1859,1,94,10,0.5,26,35,2903,7708,79.144,18344.3
1860,0,94,10,0.525,0,0,2401,6956,71.328,16350.3
1861,0,94,10,0.55,0,0,1368,4606,47.5963,9698.63
1862,0,94,10,0.575,0,0,2295,6674,71.9459,15761
1863,0,94,10,0.6,0,0,2228,6486,71.7121,15312.8
1864,0,94,10,0.625,0,0,2113,6298,70.5765,14901.9
1865,0,94,10,0.65,0,0,611,2632,26.2527,5350.7
1866,0,94,10,0.675,0,0,2042,6110,75.1692,14555.8
1867,0,94,10,0.7,0,0,2086,6110,75.4364,14486.7
1868,0,94,10,0.725,0,0,563,2444,28.3737,4942.55
1869,0,94,10,0.75,0,0,538,2444,23.7142,4880.43
1870,0,94,10,0.775,0,0,568,2444,25.902,4919.89
1871,0,94,10,0.8,0,0,542,2350,23.7309,4710.01
1872,0,94,10,0.825,0,0,560,2350,23.8979,4732.32
1873,0,94,10,0.85,0,0,558,2350,23.8979,4732.32
1874,0,94,10,0.875,0,0,524,2256,23.9647,4522.7
1875,0,94,10,0.9,0,0,524,2256,23.9647,4543.18
1876,0,94,10,0.925,0,0,277,1410,16.9671,2697.25
1877,0,94,10,0.95,0,0,474,2162,19.3052,4287.42
1878,0,94,10,0.975,0,0,585,2162,20.3908,4388.87
1879,0,94,10,1,0,0,483,2162,19.372,4347.47
1880,1,96,10,0.025,25,84,22130,58898,187.571,129702
1881,1,96,10,0.05,25,72,17120,45810,162.081,102323
1882,1,96,10,0.075,25,55,11754,30772,124.837,69911.4
1883,1,96,10,0.1,26,55,10214,27048,123.134,61925
1884,1,96,10,0.125,25,46,7646,20776,102.609,47847.1
1885,1,96,10,0.15,25,43,6834,19404,97.8655,44686.4
1886,1,96,10,0.175,25,41,6066,16562,94.3416,38861.9
1887,1,96,10,0.2,25,43,5671,15386,97.9323,36388.1
1888,1,96,10,0.225,23,39,4706,13524,88.8638,31431
1889,1,96,10,0.25,26,38,4865,12936,87.4275,31003.3
1890,1,96,10,0.275,27,40,4329,11564,91.6027,27815.4
1891,1,96,10,0.3,25,39,4127,11564,89.0141,27728.3
1892,1,96,10,0.325,24,35,3682,10388,80.9142,24542.4
1893,1,96,10,0.35,24,38,3507,9898,87.177,23696
1894,1,96,10,0.375,26,39,3318,9408,90.0162,22462.4
1895,1,96,10,0.4,27,39,3272,9408,88.5465,22237.6
1896,1,96,10,0.425,27,39,3097,9016,87.962,21214.3
1897,1,96,10,0.45,26,40,3002,8428,91.4524,20001.2
1898,1,96,10,0.475,24,35,2916,8134,80.3965,19110.1
1899,1,96,10,0.5,26,35,3034,8036,79.3945,19223.1
1900,0,96,10,0.525,0,0,2509,7252,71.495,17127.5
1901,0,96,10,0.55,0,0,1430,4802,47.7633,10147.8
1902,0,96,10,0.575,0,0,2403,6958,72.1464,16475.4
1903,0,96,10,0.6,0,0,2342,6762,71.9459,16005.1
1904,0,96,10,0.625,0,0,2213,6566,70.7936,15578.4
1905,0,96,10,0.65,0,0,639,2744,26.3696,5604.16
1906,0,96,10,0.675,0,0,2136,6370,75.403,15214.4
1907,0,96,10,0.7,0,0,2180,6370,75.6869,15147.3
1908,0,96,10,0.725,0,0,588,2548,28.5407,5180.48
1909,0,96,10,0.75,0,0,558,2548,23.8311,5110.81
1910,0,96,10,0.775,0,0,590,2548,26.0189,5151.95
1911,0,96,10,0.8,0,0,564,2450,23.8478,4933.24
1912,0,96,10,0.825,0,0,585,2450,24.0148,4954.82
1913,0,96,10,0.85,0,0,579,2450,24.0148,4954.82
1914,0,96,10,0.875,0,0,542,2352,24.0816,4734.71
1915,0,96,10,0.9,0,0,543,2352,24.0816,4759.37
1916,0,96,10,0.925,0,0,289,1470,17.084,2831.2
1917,0,96,10,0.95,0,0,493,2254,19.3887,4489.54
1918,0,96,10,0.975,0,0,614,2254,20.5077,4595.28
1919,0,96,10,1,0,0,508,2254,19.4555,4552.13
1920,1,98,10,0.025,25,84,22566,60100,187.571,132264
1921,1,98,10,0.05,25,72,17465,46744,162.081,104332
1922,1,98,10,0.075,25,55,11987,31400,124.837,71265.7
1923,1,98,10,0.1,26,55,10412,27600,123.134,63118
1924,1,98,10,0.125,25,46,7798,21200,102.609,48755.7
1925,1,98,10,0.15,25,43,6962,19800,97.8655,45531.1
1926,1,98,10,0.175,25,41,6178,16900,94.3416,39589
1927,1,98,10,0.2,25,43,5768,15700,97.9323,37065.2
1928,1,98,10,0.225,23,39,4802,13800,88.8638,32083.5
1929,1,98,10,0.25,26,38,4950,13200,87.4275,31647.1
1930,1,98,10,0.275,27,40,4412,11800,91.6027,28394.8
1931,1,98,10,0.3,25,39,4198,11800,89.0141,28305.9
1932,1,98,10,0.325,24,35,3753,10600,80.9142,25055.7
1933,1,98,10,0.35,24,38,3579,10100,87.177,24192.1
1934,1,98,10,0.375,26,39,3375,9600,90.0162,22933.7
1935,1,98,10,0.4,27,39,3341,9600,88.5465,22704.3
1936,1,98,10,0.425,27,39,3163,9200,87.962,21660.3
1937,1,98,10,0.45,26,40,3058,8600,91.4524,20422.7
1938,1,98,10,0.475,24,35,2970,8300,80.3965,19513.7
1939,1,98,10,0.5,26,35,3087,8200,79.3945,19629
1940,0,98,10,0.525,0,0,2554,7400,71.495,17491.1
1941,0,98,10,0.55,0,0,1461,4900,47.7633,10351.8
1942,0,98,10,0.575,0,0,2448,7100,72.1464,16825.8
1943,0,98,10,0.6,0,0,2383,6900,71.9459,16326.6
1944,0,98,10,0.625,0,0,2262,6700,70.7936,15891.3
1945,0,98,10,0.65,0,0,655,2800,26.3696,5716.65
1946,0,98,10,0.675,0,0,2176,6500,75.403,15520
1947,0,98,10,0.7,0,0,2219,6500,75.6869,15451.5
1948,0,98,10,0.725,0,0,604,2600,28.5407,5284.41
1949,0,98,10,0.75,0,0,576,2600,23.8311,5213.34
1950,0,98,10,0.775,0,0,606,2600,26.0189,5255.31
1951,0,98,10,0.8,0,0,580,2500,23.8478,5032.18
1952,0,98,10,0.825,0,0,600,2500,24.0148,5054.2
1953,0,98,10,0.85,0,0,597,2500,24.0148,5054.2
1954,0,98,10,0.875,0,0,557,2400,24.0816,4829.64
1955,0,98,10,0.9,0,0,559,2400,24.0816,4854.79
1956,0,98,10,0.925,0,0,297,1500,17.084,2887.87
1957,0,98,10,0.95,0,0,510,2300,19.3887,4579.52
1958,0,98,10,0.975,0,0,625,2300,20.5077,4687.38
1959,0,98,10,1,0,0,516,2300,19.4555,4643.37
1960,1,100,10,0.025,27,82,21574,57722,182.013,126304
1961,1,100,10,0.05,26,68,15659,43102,150.379,94548.5
1962,1,100,10,0.075,27,57,11346,30380,126.925,68201.4
1963,1,100,10,0.1,25,54,9953,26362,119.743,59669.5
1964,1,100,10,0.125,26,47,7957,21070,105.064,48479.1
1965,1,100,10,0.15,26,44,7070,19502,98.8675,44770.3
1966,1,100,10,0.175,26,41,5849,16170,92.8386,37663.9
1967,1,100,10,0.2,25,43,5770,15484,98.0325,36411.5
1968,1,100,10,0.225,26,38,4897,13720,86.6426,32240.6
1969,1,100,10,0.25,28,42,4730,12544,95.4272,29869.1
1970,1,100,10,0.275,28,39,4309,11564,89.2646,27585.6
1971,1,100,10,0.3,25,36,4158,11564,82.5342,27619.6
1972,1,100,10,0.325,24,36,3850,10584,82.4173,25096.6
1973,1,100,10,0.35,25,37,3549,9996,84.9892,23736.1
1974,1,100,10,0.375,28,41,3351,9408,92.8386,22130.2
1975,1,100,10,0.4,27,41,3382,9408,91.5025,22300.5
1976,1,100,10,0.425,27,38,3289,9114,85.9913,21454.3
1977,1,100,10,0.45,26,36,2976,8428,81.5823,19640.9
1978,1,100,10,0.475,25,36,2945,8232,81.6825,19230.5
1979,1,100,10,0.5,25,37,2777,8134,83.0853,18981.2
1980,1,100,10,0.525,27,37,2663,7644,83.1521,17876.3
1981,0,100,10,0.55,0,0,2440,7056,75.3362,16533.3
1982,0,100,10,0.575,0,0,2470,7056,71.829,16757.3
1983,0,100,10,0.6,0,0,2349,6762,71.7288,15934.2
1984,0,100,10,0.625,0,0,2245,6566,74.5513,15468.3
1985,0,100,10,0.65,0,0,2253,6566,74.9855,15641.4
1986,0,100,10,0.675,0,0,677,2842,27.7057,5749.95
1987,0,100,10,0.7,0,0,598,2646,27.6556,5333.88
1988,0,100,10,0.725,0,0,597,2646,25.902,5342.5
1989,0,100,10,0.75,0,0,597,2548,25.902,5109
1990,0,100,10,0.775,0,0,583,2450,23.8979,4925.15
1991,0,100,10,0.8,0,0,586,2450,23.8979,4925.15
1992,0,100,10,0.825,0,0,597,2450,23.3134,4861.04
1993,0,100,10,0.85,0,0,575,2450,23.9647,4880.89
1994,0,100,10,0.875,0,0,552,2352,20.9252,4703.17
1995,0,100,10,0.9,0,0,504,2254,19.7895,4573.28
1996,0,100,10,0.925,0,0,501,2352,20.0233,4718.05
1997,0,100,10,0.95,0,0,479,2254,19.4722,4422.16
1998,0,100,10,0.975,0,0,442,2156,19.2551,4252.69
1999,0,100,10,1,0,0,457,2156,19.1549,4287.27